category,supplier_sum,sold_qty,sold_cost,sold_sum,return_qty,return_cost,return_sum,revenue,profit,year,month,date
Іграшки,11591.41,330.0,12443.25,21462.18,3.0,358.28,600.0,20862.18,8777.21,2017,10,2017-10-01
Ігри,6608.6,145.0,6909.76,11656.41,1.0,26.63,45.0,11611.41,4728.28,2017,10,2017-10-01
Інші,90.54,1.0,15.09,30.0,0.0,0.0,0.0,30.0,14.91,2017,10,2017-10-01
Канцтовари,2982.05,180.0,3036.82,5536.75,0.0,0.0,0.0,5536.75,2499.93,2017,10,2017-10-01
Книга,32303.77,816.0,24813.19,40822.86,3.0,136.89,229.0,40593.86,15917.56,2017,10,2017-10-01
Конструктори,2341.07,53.0,3953.25,6687.82,0.0,0.0,0.0,6687.82,2734.57,2017,10,2017-10-01
Музика,0.0,1.0,39.38,63.1,0.0,0.0,0.0,63.1,23.72,2017,10,2017-10-01
Наочні посібники,919.4,101.0,1610.28,2579.42,0.0,0.0,0.0,2579.42,969.14,2017,10,2017-10-01
Наука,2526.38,13.0,971.73,1569.17,0.0,0.0,0.0,1569.17,597.44,2017,10,2017-10-01
Пакет,0.0,4.0,38.01,72.0,0.0,0.0,0.0,72.0,33.99,2017,10,2017-10-01
Спорт,0.0,1.0,23.57,45.0,0.0,0.0,0.0,45.0,21.43,2017,10,2017-10-01
Творчість,14657.88,493.0,14048.9,24107.28,1.0,65.0,110.0,23997.28,10013.38,2017,10,2017-10-01
Іграшки,17711.98,244.25,12540.47,21081.58,3.0,156.58,273.0,20808.58,8424.69,2017,11,2017-11-01
Ігри,10206.47,185.0,8484.07,14337.17,1.0,58.01,98.0,14239.17,5813.11,2017,11,2017-11-01
Інші,0.0,1.0,15.09,30.0,0.0,0.0,0.0,30.0,14.91,2017,11,2017-11-01
Канцтовари,5126.33,248.0,3712.47,6845.21,0.0,0.0,0.0,6845.21,3132.74,2017,11,2017-11-01
Книга,27122.44,846.0,25406.59,41677.81,5.0,324.54,518.0,41159.81,16077.76,2017,11,2017-11-01
Конструктори,4502.44,23.0,3108.09,4997.48,0.0,0.0,0.0,4997.48,1889.39,2017,11,2017-11-01
Музика,362.2,0.0,0.0,0.0,0.0,0.0,0.0,0.0,0.0,2017,11,2017-11-01
Наочні посібники,958.53,70.0,1022.36,1669.68,0.0,0.0,0.0,1669.68,647.32,2017,11,2017-11-01
Наука,361.94,13.0,1174.04,1810.14,0.0,0.0,0.0,1810.14,636.1,2017,11,2017-11-01
Пакет,292.87,10.0,143.79,285.19,0.0,0.0,0.0,285.19,141.4,2017,11,2017-11-01
Творчість,18681.15,562.5,19054.14,32488.74,1.0,48.93,90.0,32398.74,13393.53,2017,11,2017-11-01
Іграшки,36381.96,431.12,27241.99,45811.09,3.0,237.34,405.0,45406.09,18401.44,2017,12,2017-12-01
Ігри,18004.02,346.0,19417.16,32605.97,3.0,135.84,224.0,32381.97,13100.65,2017,12,2017-12-01
Інші,47.64,18.0,82.59,203.1,0.0,0.0,0.0,203.1,120.51,2017,12,2017-12-01
Канцтовари,7632.12,458.0,7865.86,14632.03,2.0,24.47,44.0,14588.03,6746.64,2017,12,2017-12-01
Книга,40659.47,1243.0,46758.19,76474.9,3.0,260.4,438.0,76036.9,29539.11,2017,12,2017-12-01
Конструктори,7017.66,82.0,14146.64,22140.7,1.0,194.7,314.0,21826.7,7874.76,2017,12,2017-12-01
Музика,289.17,3.0,123.48,211.63,0.0,0.0,0.0,211.63,88.15,2017,12,2017-12-01
Наочні посібники,1515.65,93.0,1933.59,3197.02,0.0,0.0,0.0,3197.02,1263.43,2017,12,2017-12-01
Наука,3077.57,33.0,3276.27,5194.27,1.0,82.56,129.0,5065.27,1871.56,2017,12,2017-12-01
Пакет,0.0,3.0,43.93,89.97,0.0,0.0,0.0,89.97,46.04,2017,12,2017-12-01
Творчість,35081.34,1074.0,34293.31,58864.31,4.0,119.72,211.0,58653.31,24479.72,2017,12,2017-12-01
Іграшки,16213.37,216.25,17234.98,28230.15,1.0,165.0,240.0,27990.15,10920.17,2018,1,2018-01-01
Ігри,8043.27,147.0,7130.09,12137.0,0.0,0.0,0.0,12137.0,5006.91,2018,1,2018-01-01
Інші,0.0,1.0,15.09,30.0,0.0,0.0,0.0,30.0,14.91,2018,1,2018-01-01
Канцтовари,5191.84,252.0,4379.62,8063.32,0.0,0.0,0.0,8063.32,3683.7,2018,1,2018-01-01
Книга,48974.59,732.0,24102.64,39849.94,3.0,114.33,188.0,39661.94,15673.63,2018,1,2018-01-01
Конструктори,8692.01,26.0,3100.64,4982.09,0.0,0.0,0.0,4982.09,1881.45,2018,1,2018-01-01
Музика,316.11,1.0,289.17,498.0,0.0,0.0,0.0,498.0,208.83,2018,1,2018-01-01
Наочні посібники,1113.34,40.0,1085.92,1813.09,0.0,0.0,0.0,1813.09,727.17,2018,1,2018-01-01
Наука,1405.68,8.0,618.98,977.37,0.0,0.0,0.0,977.37,358.39,2018,1,2018-01-01
Пакет,74.67,2.0,29.29,60.0,0.0,0.0,0.0,60.0,30.71,2018,1,2018-01-01
Творчість,20441.52,392.0,17593.65,30504.04,2.0,322.94,508.17,29995.87,12725.16,2018,1,2018-01-01
Іграшки,11620.86,174.25,9530.74,15803.84,1.0,361.92,450.0,15353.84,6185.02,2018,2,2018-02-01
Ігри,11322.7,133.0,6633.95,11237.52,0.0,0.0,0.0,11237.52,4603.57,2018,2,2018-02-01
Інші,0.0,2.0,20.3,40.0,0.0,0.0,0.0,40.0,19.7,2018,2,2018-02-01
Канцтовари,3565.74,243.0,4071.24,7509.25,0.0,0.0,0.0,7509.25,3438.01,2018,2,2018-02-01
Книга,27602.88,829.0,25248.77,41832.53,5.0,292.21,465.0,41367.53,16410.97,2018,2,2018-02-01
Конструктори,4451.18,26.0,3640.83,5870.19,0.0,0.0,0.0,5870.19,2229.36,2018,2,2018-02-01
Музика,0.0,1.0,45.58,78.0,0.0,0.0,0.0,78.0,32.42,2018,2,2018-02-01
Наочні посібники,447.24,80.0,1210.14,2009.16,0.0,0.0,0.0,2009.16,799.02,2018,2,2018-02-01
Наука,545.87,7.0,386.17,598.99,0.0,0.0,0.0,598.99,212.82,2018,2,2018-02-01
Пакет,0.0,5.0,73.22,149.06,0.0,0.0,0.0,149.06,75.84,2018,2,2018-02-01
Творчість,7097.39,325.0,12179.53,20874.45,0.0,0.0,0.0,20874.45,8694.92,2018,2,2018-02-01
Іграшки,15195.72,213.25,12870.27,21434.15,0.0,0.0,0.0,21434.15,8563.88,2018,3,2018-03-01
Ігри,8305.42,143.0,7819.76,12966.83,0.0,0.0,0.0,12966.83,5147.07,2018,3,2018-03-01
Інші,95.4,0.0,0.0,0.0,0.0,0.0,0.0,0.0,0.0,2018,3,2018-03-01
Канцтовари,3972.28,301.0,4671.3,8616.78,0.0,0.0,0.0,8616.78,3945.48,2018,3,2018-03-01
Книга,36405.74,884.0,30855.57,49800.03,0.0,0.0,0.0,49800.03,18944.46,2018,3,2018-03-01
Конструктори,11341.14,32.0,3299.47,5482.78,0.0,0.0,0.0,5482.78,2183.31,2018,3,2018-03-01
Наочні посібники,2440.16,70.0,1097.9,1796.05,0.0,0.0,0.0,1796.05,698.15,2018,3,2018-03-01
Наука,832.83,9.0,609.88,987.83,0.0,0.0,0.0,987.83,377.95,2018,3,2018-03-01
Пакет,0.0,4.0,59.45,120.0,0.0,0.0,0.0,120.0,60.55,2018,3,2018-03-01
Творчість,16124.54,386.0,16800.3,28703.55,0.0,0.0,0.0,28703.55,11903.25,2018,3,2018-03-01
Іграшки,10773.48,226.1,12049.67,20006.57,2.0,171.18,293.0,19713.57,7835.08,2018,4,2018-04-01
Ігри,4618.93,85.0,4351.35,7655.31,0.0,0.0,0.0,7655.31,3303.96,2018,4,2018-04-01
Інші,0.0,1.0,5.21,10.0,0.0,0.0,0.0,10.0,4.79,2018,4,2018-04-01
Канцтовари,1488.82,156.0,2128.99,4018.2,2.0,62.0,108.0,3910.2,1843.21,2018,4,2018-04-01
Книга,22826.68,643.0,23066.44,37556.53,3.0,197.08,318.0,37238.53,14369.17,2018,4,2018-04-01
Конструктори,1102.77,18.0,3005.59,4695.09,0.0,0.0,0.0,4695.09,1689.5,2018,4,2018-04-01
Музика,0.0,1.0,316.11,498.0,0.0,0.0,0.0,498.0,181.89,2018,4,2018-04-01
Наочні посібники,918.36,38.0,693.41,1199.32,0.0,0.0,0.0,1199.32,505.91,2018,4,2018-04-01
Наука,937.39,8.0,827.31,1347.0,0.0,0.0,0.0,1347.0,519.69,2018,4,2018-04-01
Пакет,0.0,2.0,29.87,59.0,0.0,0.0,0.0,59.0,29.13,2018,4,2018-04-01
Творчість,9402.37,223.0,10354.76,17941.98,0.0,0.0,0.0,17941.98,7587.22,2018,4,2018-04-01
Іграшки,18243.26,229.0,15191.89,24680.87,1.0,100.2,163.0,24517.87,9426.18,2018,5,2018-05-01
Ігри,4483.65,111.0,5800.44,9764.51,0.0,0.0,0.0,9764.51,3964.07,2018,5,2018-05-01
Канцтовари,3080.83,178.0,3181.16,5865.61,0.0,0.0,0.0,5865.61,2684.45,2018,5,2018-05-01
Книга,47728.0,905.0,38978.3,62327.27,0.0,0.0,0.0,62327.27,23348.97,2018,5,2018-05-01
Конструктори,4301.73,21.0,2667.01,4295.28,0.0,0.0,0.0,4295.28,1628.27,2018,5,2018-05-01
Музика,305.27,0.0,0.0,0.0,0.0,0.0,0.0,0.0,0.0,2018,5,2018-05-01
Наочні посібники,855.26,52.0,579.07,956.45,0.0,0.0,0.0,956.45,377.38,2018,5,2018-05-01
Наука,154.32,11.0,746.15,1177.0,1.0,35.2,55.0,1122.0,411.05,2018,5,2018-05-01
Пакет,39.9,3.0,39.9,78.0,0.0,0.0,0.0,78.0,38.1,2018,5,2018-05-01
Творчість,16096.29,235.8,11757.91,20172.02,0.0,0.0,0.0,20172.02,8414.11,2018,5,2018-05-01
Іграшки,14461.99,180.0,14448.45,23313.23,1.0,62.72,110.0,23203.23,8817.5,2018,6,2018-06-01
Ігри,5790.59,98.0,5104.85,8578.84,0.0,0.0,0.0,8578.84,3473.99,2018,6,2018-06-01
Канцтовари,3506.23,160.0,2808.73,5229.37,0.0,0.0,0.0,5229.37,2420.64,2018,6,2018-06-01
Книга,19184.17,772.0,29996.14,47529.34,0.0,0.0,0.0,47529.34,17533.2,2018,6,2018-06-01
Конструктори,2423.2,13.0,2748.32,4221.69,0.0,0.0,0.0,4221.69,1473.37,2018,6,2018-06-01
Музика,0.0,1.0,305.27,468.0,0.0,0.0,0.0,468.0,162.73,2018,6,2018-06-01
Наочні посібники,1684.08,55.0,1186.84,1933.95,0.0,0.0,0.0,1933.95,747.11,2018,6,2018-06-01
Наука,1209.82,3.0,418.96,672.0,0.0,0.0,0.0,672.0,253.04,2018,6,2018-06-01
Творчість,9323.51,186.2,11062.79,18905.57,1.0,88.36,155.0,18750.57,7776.14,2018,6,2018-06-01
Іграшки,8944.2,201.0,11207.92,19041.72,0.0,0.0,0.0,19041.72,7833.8,2018,7,2018-07-01
Ігри,7104.38,96.0,4447.75,7591.22,0.0,0.0,0.0,7591.22,3143.47,2018,7,2018-07-01
Канцтовари,2698.71,153.0,2371.94,4456.59,0.0,0.0,0.0,4456.59,2084.65,2018,7,2018-07-01
Книга,42725.92,658.0,25884.44,41402.0,1.0,80.0,125.0,41277.0,15472.56,2018,7,2018-07-01
Конструктори,4313.45,23.0,4707.07,7087.46,0.0,0.0,0.0,7087.46,2380.39,2018,7,2018-07-01
Наочні посібники,2444.21,52.0,739.68,1221.41,0.0,0.0,0.0,1221.41,481.73,2018,7,2018-07-01
Наука,1019.46,10.0,970.01,1541.99,0.0,0.0,0.0,1541.99,571.98,2018,7,2018-07-01
Творчість,8454.61,189.0,8656.9,14963.62,0.0,0.0,0.0,14963.62,6306.72,2018,7,2018-07-01
Іграшки,10507.63,206.0,15632.43,25787.14,1.0,20.8,40.0,25747.14,10135.51,2018,8,2018-08-01
Ігри,3646.97,108.0,5223.03,8947.31,0.0,0.0,0.0,8947.31,3724.28,2018,8,2018-08-01
Канцтовари,5446.86,262.0,4133.7,7768.49,0.0,0.0,0.0,7768.49,3634.79,2018,8,2018-08-01
Книга,23913.63,615.0,25810.18,41453.69,2.0,192.06,312.0,41141.69,15523.57,2018,8,2018-08-01
Конструктори,1177.88,16.0,2553.15,3953.62,0.0,0.0,0.0,3953.62,1400.47,2018,8,2018-08-01
Наочні посібники,469.85,51.0,914.53,1519.04,0.0,0.0,0.0,1519.04,604.51,2018,8,2018-08-01
Наука,418.83,12.0,939.11,1581.0,0.0,0.0,0.0,1581.0,641.89,2018,8,2018-08-01
Творчість,13208.05,232.0,9639.33,16848.7,0.0,0.0,0.0,16848.7,7209.37,2018,8,2018-08-01
Іграшки,21507.73,221.25,13406.88,22919.02,0.0,0.0,0.0,22919.02,9512.14,2018,9,2018-09-01
Ігри,7713.84,107.0,5354.23,9054.52,1.0,42.21,75.0,8979.52,3667.5,2018,9,2018-09-01
Канцтовари,6841.66,339.0,5710.7,10764.23,0.0,0.0,0.0,10764.23,5053.53,2018,9,2018-09-01
Книга,30417.45,798.0,32538.07,52212.21,2.0,135.72,225.0,51987.21,19584.86,2018,9,2018-09-01
Конструктори,6157.52,40.0,7217.67,11500.55,0.0,0.0,0.0,11500.55,4282.88,2018,9,2018-09-01
Музика,0.0,1.0,271.04,425.0,0.0,0.0,0.0,425.0,153.96,2018,9,2018-09-01
Наочні посібники,1151.14,104.0,1180.06,1905.61,0.0,0.0,0.0,1905.61,725.55,2018,9,2018-09-01
Наука,596.46,11.0,887.14,1450.0,0.0,0.0,0.0,1450.0,562.86,2018,9,2018-09-01
Пакет,42.45,1.0,12.0,18.0,0.0,0.0,0.0,18.0,6.0,2018,9,2018-09-01
Творчість,11950.03,279.0,14058.94,24264.86,1.0,145.7,255.0,24009.86,10096.62,2018,9,2018-09-01
Іграшки,21073.23,208.0,16529.43,27349.13,1.0,65.02,110.0,27239.13,10774.72,2018,10,2018-10-01
Ігри,7073.83,124.0,6059.11,10686.08,1.0,85.14,148.0,10538.08,4564.11,2018,10,2018-10-01
Канцтовари,4440.48,363.0,5635.54,10626.33,1.0,9.53,20.0,10606.33,4980.32,2018,10,2018-10-01
Книга,37258.23,789.0,35148.64,56184.28,3.0,176.74,271.64,55912.64,20940.74,2018,10,2018-10-01
Конструктори,6843.43,28.0,7027.6,10840.51,0.0,0.0,0.0,10840.51,3812.91,2018,10,2018-10-01
Наочні посібники,2291.88,71.0,1255.2,2063.0,0.0,0.0,0.0,2063.0,807.8,2018,10,2018-10-01
Наука,981.86,8.0,965.17,1576.0,0.0,0.0,0.0,1576.0,610.83,2018,10,2018-10-01
Пакет,0.0,5.0,42.45,123.75,0.0,0.0,0.0,123.75,81.3,2018,10,2018-10-01
Творчість,13462.65,281.0,14723.73,25595.91,1.0,174.92,291.37,25304.54,10755.73,2018,10,2018-10-01
Іграшки,17938.62,176.0,13629.79,22753.31,3.0,342.88,595.0,22158.31,8871.4,2018,11,2018-11-01
Ігри,9441.31,143.0,8872.33,15054.43,1.0,18.8,32.0,15022.43,6168.9,2018,11,2018-11-01
Інші,53.74,4.0,42.99,88.0,0.0,0.0,0.0,88.0,45.01,2018,11,2018-11-01
Канцтовари,11685.39,274.0,5138.16,9616.83,0.0,0.0,0.0,9616.83,4478.67,2018,11,2018-11-01
Книга,40540.24,747.0,29527.32,47178.0,1.0,126.0,189.97,46988.03,17586.71,2018,11,2018-11-01
Конструктори,7340.67,34.0,5766.1,9119.31,0.0,0.0,0.0,9119.31,3353.21,2018,11,2018-11-01
Наочні посібники,1209.04,90.0,1537.37,2572.07,1.0,2.16,5.0,2567.07,1031.86,2018,11,2018-11-01
Наука,1684.36,6.0,1357.0,2106.47,0.0,0.0,0.0,2106.47,749.47,2018,11,2018-11-01
Творчість,19930.99,332.0,14452.28,25457.57,1.0,250.07,398.0,25059.57,10857.36,2018,11,2018-11-01
Іграшки,40255.6,429.0,49158.26,81205.18,3.0,422.35,692.0,80513.18,31777.27,2018,12,2018-12-01
Ігри,14536.34,344.0,21320.51,36495.22,0.0,0.0,0.0,36495.22,15174.71,2018,12,2018-12-01
Інші,42.01,8.0,57.52,140.0,0.0,0.0,0.0,140.0,82.48,2018,12,2018-12-01
Канцтовари,5265.06,485.0,9807.88,18386.35,4.0,102.15,178.0,18208.35,8502.62,2018,12,2018-12-01
Книга,53746.41,1038.0,56161.98,87135.07,2.0,177.13,275.0,86860.07,30875.22,2018,12,2018-12-01
Конструктори,17016.78,69.0,16806.01,26198.75,0.0,0.0,0.0,26198.75,9392.74,2018,12,2018-12-01
Наочні посібники,565.9,79.0,1722.8,2895.42,0.0,0.0,0.0,2895.42,1172.62,2018,12,2018-12-01
Наука,5104.11,31.0,3411.31,5525.45,1.0,137.94,225.0,5300.45,2027.08,2018,12,2018-12-01
Пакет,350.31,3.0,35.11,72.0,0.0,0.0,0.0,72.0,36.89,2018,12,2018-12-01
Творчість,28489.95,599.0,33798.55,60348.57,1.0,96.8,315.0,60033.57,26331.82,2018,12,2018-12-01
Іграшки,21614.26,168.0,15100.74,24545.15,0.0,0.0,0.0,24545.15,9444.41,2019,1,2019-01-01
Ігри,15239.0,169.0,9130.17,15995.72,2.0,191.84,350.0,15645.72,6707.39,2019,1,2019-01-01
Інші,52.81,2.0,21.12,48.61,0.0,0.0,0.0,48.61,27.49,2019,1,2019-01-01
Канцтовари,7001.18,295.0,5064.93,9550.31,0.0,0.0,0.0,9550.31,4485.38,2019,1,2019-01-01
Книга,56812.63,730.0,35163.84,53505.02,2.0,165.54,230.0,53275.02,18276.72,2019,1,2019-01-01
Конструктори,7965.88,20.0,4856.95,7360.91,0.0,0.0,0.0,7360.91,2503.96,2019,1,2019-01-01
Наочні посібники,1005.29,59.0,1364.81,2178.43,0.0,0.0,0.0,2178.43,813.62,2019,1,2019-01-01
Наука,733.28,16.0,1795.3,2830.05,1.0,223.38,349.0,2481.05,909.13,2019,1,2019-01-01
Пакет,0.0,7.0,82.4,166.53,0.0,0.0,0.0,166.53,84.13,2019,1,2019-01-01
Творчість,16205.11,323.0,15708.55,27868.28,1.0,165.82,245.0,27623.28,12080.55,2019,1,2019-01-01
Іграшки,16941.83,118.0,10482.44,17009.43,1.0,485.53,698.0,16311.43,6314.52,2019,2,2019-02-01
Ігри,7085.52,162.0,8884.4,15387.18,1.0,403.78,498.0,14889.18,6408.56,2019,2,2019-02-01
Інші,0.0,2.0,21.12,50.0,0.0,0.0,0.0,50.0,28.88,2019,2,2019-02-01
Канцтовари,2335.22,224.0,4534.71,8343.27,0.0,0.0,0.0,8343.27,3808.56,2019,2,2019-02-01
Книга,28161.88,804.0,37861.38,57802.06,1.0,62.1,90.0,57712.06,19912.78,2019,2,2019-02-01
Конструктори,1002.43,19.0,3525.54,5476.89,1.0,557.76,760.0,4716.89,1749.11,2019,2,2019-02-01
Наочні посібники,1230.31,48.0,1211.34,2043.61,0.0,0.0,0.0,2043.61,832.27,2019,2,2019-02-01
Наука,233.37,11.0,1052.67,1710.55,0.0,0.0,0.0,1710.55,657.88,2019,2,2019-02-01
Пакет,0.0,7.0,80.2,166.56,0.0,0.0,0.0,166.56,86.36,2019,2,2019-02-01
Творчість,15616.56,299.0,11896.86,21383.45,10.0,20.02,50.0,21333.45,9456.61,2019,2,2019-02-01
Іграшки,21155.7,247.0,19099.95,31829.94,1.0,151.87,238.0,31591.94,12643.86,2019,3,2019-03-01
Ігри,9442.8,118.0,6565.61,11270.96,0.0,0.0,0.0,11270.96,4705.35,2019,3,2019-03-01
Інші,0.0,1.0,10.56,25.0,0.0,0.0,0.0,25.0,14.44,2019,3,2019-03-01
Канцтовари,4044.97,272.0,4049.55,7770.52,7.0,173.93,326.0,7444.52,3568.9,2019,3,2019-03-01
Книга,29626.45,794.0,34922.6,54016.77,7.0,179.77,300.0,53716.77,18973.94,2019,3,2019-03-01
Конструктори,4455.42,13.0,2841.85,4427.43,0.0,0.0,0.0,4427.43,1585.58,2019,3,2019-03-01
Наочні посібники,857.92,68.0,1485.63,2381.07,1.0,113.88,195.0,2186.07,814.32,2019,3,2019-03-01
Наука,888.15,12.0,2167.22,3499.0,0.0,0.0,0.0,3499.0,1331.78,2019,3,2019-03-01
Пакет,0.0,6.0,68.74,143.31,0.0,0.0,0.0,143.31,74.57,2019,3,2019-03-01
Творчість,9241.09,334.0,14396.83,25703.99,1.0,0.0,70.0,25633.99,11237.16,2019,3,2019-03-01
Іграшки,6289.65,159.0,9261.79,15842.54,0.0,0.0,0.0,15842.54,6580.75,2019,4,2019-04-01
Ігри,6215.58,146.0,8489.56,14734.46,0.0,0.0,0.0,14734.46,6244.9,2019,4,2019-04-01
Канцтовари,7298.34,158.0,2798.77,5218.45,4.0,34.75,74.0,5144.45,2380.43,2019,4,2019-04-01
Книга,41978.69,588.0,25573.91,39689.01,0.0,0.0,0.0,39689.01,14115.1,2019,4,2019-04-01
Конструктори,242.61,10.0,1768.79,2726.0,0.0,0.0,0.0,2726.0,957.21,2019,4,2019-04-01
Музика,0.0,1.0,305.27,483.2,0.0,0.0,0.0,483.2,177.93,2019,4,2019-04-01
Наочні посібники,1992.11,61.0,1417.63,2344.29,0.0,0.0,0.0,2344.29,926.66,2019,4,2019-04-01
Наука,2847.22,10.0,1024.49,1694.32,0.0,0.0,0.0,1694.32,669.83,2019,4,2019-04-01
Пакет,0.0,3.0,34.37,70.3,0.0,0.0,0.0,70.3,35.93,2019,4,2019-04-01
Творчість,10625.59,214.0,7745.56,13603.44,0.0,0.0,0.0,13603.44,5857.88,2019,4,2019-04-01
Іграшки,7446.06,204.0,12736.87,21950.15,1.0,33.12,65.0,21885.15,9181.4,2019,5,2019-05-01
Ігри,7628.76,150.0,8378.48,14099.18,0.0,0.0,0.0,14099.18,5720.7,2019,5,2019-05-01
Інші,0.0,1.0,5.21,10.0,0.0,0.0,0.0,10.0,4.79,2019,5,2019-05-01
Канцтовари,1710.17,225.0,4534.67,8563.16,0.0,0.0,0.0,8563.16,4028.49,2019,5,2019-05-01
Книга,30682.88,535.0,28503.36,43868.78,2.0,108.8,170.0,43698.78,15304.22,2019,5,2019-05-01
Конструктори,1433.03,18.0,3822.0,6149.13,0.0,0.0,0.0,6149.13,2327.13,2019,5,2019-05-01
Наочні посібники,1274.48,41.0,918.64,1498.29,0.0,0.0,0.0,1498.29,579.65,2019,5,2019-05-01
Наука,217.62,6.0,637.45,1111.03,0.0,0.0,0.0,1111.03,473.58,2019,5,2019-05-01
Пакет,0.0,1.0,11.46,23.26,0.0,0.0,0.0,23.26,11.8,2019,5,2019-05-01
Творчість,10188.68,259.0,9969.35,17626.02,0.0,0.0,0.0,17626.02,7656.67,2019,5,2019-05-01
Іграшки,18986.39,152.0,11250.85,19109.65,2.0,307.96,532.0,18577.65,7634.76,2019,6,2019-06-01
Ігри,6396.77,99.0,5411.85,9192.07,0.0,0.0,0.0,9192.07,3780.22,2019,6,2019-06-01
Канцтовари,766.78,117.0,2595.63,4836.43,0.0,0.0,0.0,4836.43,2240.8,2019,6,2019-06-01
Книга,12971.93,524.0,25661.06,39223.83,2.0,235.05,365.0,38858.83,13432.82,2019,6,2019-06-01
Конструктори,1118.09,12.0,2216.79,3561.85,0.0,0.0,0.0,3561.85,1345.06,2019,6,2019-06-01
Наочні посібники,38.72,30.0,556.39,903.93,0.0,0.0,0.0,903.93,347.54,2019,6,2019-06-01
Наука,235.2,9.0,805.69,1310.0,0.0,0.0,0.0,1310.0,504.31,2019,6,2019-06-01
Творчість,3192.1,209.0,7546.3,13469.24,0.0,0.0,0.0,13469.24,5922.94,2019,6,2019-06-01
Іграшки,12533.16,187.0,12546.27,21419.87,1.0,35.42,62.0,21357.87,8847.02,2019,7,2019-07-01
Ігри,7390.0,89.0,5069.36,8569.26,0.0,0.0,0.0,8569.26,3499.9,2019,7,2019-07-01
Канцтовари,2103.09,129.0,2441.54,4588.72,1.0,18.11,30.0,4558.72,2135.29,2019,7,2019-07-01
Книга,45284.84,583.0,28305.59,43230.05,2.0,121.54,190.0,43040.05,14856.0,2019,7,2019-07-01
Конструктори,2609.83,13.0,2979.94,4641.29,0.0,0.0,0.0,4641.29,1661.35,2019,7,2019-07-01
Наочні посібники,933.11,55.0,843.9,1409.27,0.0,0.0,0.0,1409.27,565.37,2019,7,2019-07-01
Наука,1242.78,3.0,474.48,746.0,0.0,0.0,0.0,746.0,271.52,2019,7,2019-07-01
Творчість,8241.49,224.0,8704.31,15471.54,0.0,0.0,0.0,15471.54,6767.23,2019,7,2019-07-01
Іграшки,9356.66,210.7,14468.01,24712.07,0.0,0.0,0.0,24712.07,10244.06,2019,8,2019-08-01
Ігри,4522.54,129.0,8076.36,13754.81,0.0,0.0,0.0,13754.81,5678.45,2019,8,2019-08-01
Канцтовари,13423.87,201.0,4228.57,7939.38,0.0,0.0,0.0,7939.38,3710.81,2019,8,2019-08-01
Книга,18676.15,615.0,29974.28,45885.05,1.0,140.0,200.0,45685.05,15850.77,2019,8,2019-08-01
Конструктори,1990.53,11.0,1857.69,2942.44,0.0,0.0,0.0,2942.44,1084.75,2019,8,2019-08-01
Наочні посібники,581.84,32.0,542.12,892.54,0.0,0.0,0.0,892.54,350.42,2019,8,2019-08-01
Наука,850.08,14.0,577.17,1019.0,0.0,0.0,0.0,1019.0,441.83,2019,8,2019-08-01
Творчість,9818.55,275.0,7874.09,14283.71,1.0,26.4,46.0,14237.71,6390.02,2019,8,2019-08-01
Іграшки,22707.3,202.5,15738.21,26781.91,0.0,0.0,0.0,26781.91,11043.7,2019,9,2019-09-01
Ігри,15025.39,135.0,9594.4,16052.02,1.0,36.87,65.0,15987.02,6429.49,2019,9,2019-09-01
Канцтовари,691.75,337.0,5983.43,11388.13,4.0,5.28,20.0,11368.13,5389.98,2019,9,2019-09-01
Книга,34981.03,663.28,31366.47,48350.32,10.0,501.95,804.0,47546.32,16681.8,2019,9,2019-09-01
Конструктори,4598.46,20.0,3613.55,5812.86,0.0,0.0,0.0,5812.86,2199.31,2019,9,2019-09-01
Наочні посібники,2187.2,101.0,2125.19,3499.69,1.0,70.31,128.0,3371.69,1316.81,2019,9,2019-09-01
Наука,1012.79,11.0,1147.14,1931.18,1.0,219.12,375.0,1556.18,628.16,2019,9,2019-09-01
Творчість,8435.5,311.0,12962.07,22430.61,3.0,356.9,526.0,21904.61,9299.44,2019,9,2019-09-01
Іграшки,16577.13,216.0,16903.94,28397.19,1.0,29.04,52.0,28345.19,11470.29,2019,10,2019-10-01
Ігри,11084.23,202.0,9971.14,16710.9,1.0,68.2,120.97,16589.93,6686.99,2019,10,2019-10-01
Канцтовари,9183.0,315.0,5144.92,9862.69,1.0,12.21,24.17,9838.52,4705.81,2019,10,2019-10-01
Книга,47892.6,712.42,40500.04,61782.47,2.0,283.4,410.0,61372.47,21155.83,2019,10,2019-10-01
Конструктори,304.48,18.0,3286.44,5400.0,0.0,0.0,0.0,5400.0,2113.56,2019,10,2019-10-01
Наочні посібники,0.0,40.0,1695.07,2717.17,2.0,59.88,95.0,2622.17,986.98,2019,10,2019-10-01
Наука,289.52,17.0,1455.48,2351.36,0.0,0.0,0.0,2351.36,895.88,2019,10,2019-10-01
Пакет,0.0,1.0,12.0,18.0,0.0,0.0,0.0,18.0,6.0,2019,10,2019-10-01
Творчість,14461.16,285.0,11484.69,20704.22,1.0,4.62,10.0,20694.22,9214.15,2019,10,2019-10-01
Іграшки,21508.98,193.0,18184.03,30845.05,0.0,0.0,0.0,30845.05,12661.02,2019,11,2019-11-01
Ігри,8406.09,136.0,8474.21,14453.87,0.0,0.0,0.0,14453.87,5979.66,2019,11,2019-11-01
Інші,0.0,1.0,1.59,6.0,0.0,0.0,0.0,6.0,4.41,2019,11,2019-11-01
Канцтовари,417.59,261.0,4792.37,9124.97,0.0,0.0,0.0,9124.97,4332.6,2019,11,2019-11-01
Книга,40133.52,643.28,33460.98,51144.38,4.0,253.5,391.0,50753.38,17545.9,2019,11,2019-11-01
Конструктори,8246.08,10.0,1858.39,3024.67,0.0,0.0,0.0,3024.67,1166.28,2019,11,2019-11-01
Наочні посібники,1456.35,57.0,1354.49,2238.71,0.0,0.0,0.0,2238.71,884.22,2019,11,2019-11-01
Наука,606.47,8.0,285.6,484.0,0.0,0.0,0.0,484.0,198.4,2019,11,2019-11-01
Творчість,9759.16,270.0,10468.86,18619.37,0.0,0.0,0.0,18619.37,8150.51,2019,11,2019-11-01
Іграшки,47541.12,370.0,44477.14,75514.37,3.0,714.82,1165.0,74349.37,30587.05,2019,12,2019-12-01
Ігри,11537.06,287.0,16928.85,29123.31,0.0,0.0,0.0,29123.31,12194.46,2019,12,2019-12-01
Інші,0.0,3.0,4.76,17.65,0.0,0.0,0.0,17.65,12.89,2019,12,2019-12-01
Канцтовари,4562.9,374.0,8059.47,15155.99,1.0,26.6,52.0,15103.99,7071.12,2019,12,2019-12-01
Книга,69995.11,1019.0,63439.95,96393.96,2.0,255.75,390.0,96003.96,32819.76,2019,12,2019-12-01
Конструктори,5000.66,47.0,11678.92,18432.23,0.0,0.0,0.0,18432.23,6753.31,2019,12,2019-12-01
Наочні посібники,2792.48,76.0,2671.88,4276.62,0.0,0.0,0.0,4276.62,1604.74,2019,12,2019-12-01
Наука,1721.12,30.0,3288.94,5398.21,1.0,216.96,339.0,5059.21,1987.23,2019,12,2019-12-01
Творчість,21885.74,549.08,25243.06,45201.66,0.0,0.0,0.0,45201.66,19958.6,2019,12,2019-12-01
Іграшки,7724.15,148.0,13499.14,23084.51,5.0,786.61,1365.0,21719.51,9006.98,2020,1,2020-01-01
Ігри,7315.98,124.0,7065.8,12386.32,1.0,52.8,86.52,12299.8,5286.8,2020,1,2020-01-01
Канцтовари,10149.04,217.0,4598.54,8681.02,0.0,0.0,0.0,8681.02,4082.48,2020,1,2020-01-01
Книга,23668.46,598.0,30027.58,46663.44,0.0,0.0,0.0,46663.44,16635.86,2020,1,2020-01-01
Конструктори,8171.58,27.0,6016.43,9531.25,1.0,279.0,450.0,9081.25,3343.82,2020,1,2020-01-01
Наочні посібники,892.1,36.0,794.82,1318.41,0.0,0.0,0.0,1318.41,523.59,2020,1,2020-01-01
Наука,792.62,12.0,1449.23,2332.0,0.0,0.0,0.0,2332.0,882.77,2020,1,2020-01-01
Творчість,13764.88,275.5,11935.97,21605.04,1.0,101.62,178.0,21427.04,9592.69,2020,1,2020-01-01
Іграшки,16311.37,127.0,11058.7,18897.37,1.0,304.58,441.0,18456.37,7702.25,2020,2,2020-02-01
Ігри,8502.14,100.0,5135.68,8911.02,0.0,0.0,0.0,8911.02,3775.34,2020,2,2020-02-01
Канцтовари,4836.34,217.0,4768.22,9041.43,1.0,41.19,75.0,8966.43,4239.4,2020,2,2020-02-01
Книга,51760.07,626.0,33683.81,51624.9,3.0,287.35,449.0,51175.9,17779.44,2020,2,2020-02-01
Конструктори,10082.51,35.0,5786.86,9581.3,0.0,0.0,0.0,9581.3,3794.44,2020,2,2020-02-01
Наочні посібники,1200.71,60.0,1517.34,2535.04,0.0,0.0,0.0,2535.04,1017.7,2020,2,2020-02-01
Наука,126.72,6.0,442.08,710.92,0.0,0.0,0.0,710.92,268.84,2020,2,2020-02-01
Творчість,10566.64,322.17,12974.54,23227.02,1.0,26.4,50.0,23177.02,10228.88,2020,2,2020-02-01
Іграшки,1972.51,82.0,7207.88,12386.71,0.0,0.0,0.0,12386.71,5178.83,2020,3,2020-03-01
Ігри,3521.8,73.0,4324.69,7475.07,0.0,0.0,0.0,7475.07,3150.38,2020,3,2020-03-01
Канцтовари,209.91,118.0,2552.43,4681.99,1.0,356.62,545.0,4136.99,1941.18,2020,3,2020-03-01
Книга,8549.84,319.0,16558.16,25601.13,1.0,120.0,200.0,25401.13,8962.97,2020,3,2020-03-01
Конструктори,302.4,9.0,1492.5,2375.0,0.0,0.0,0.0,2375.0,882.5,2020,3,2020-03-01
Наочні посібники,203.52,16.0,380.98,634.54,0.0,0.0,0.0,634.54,253.56,2020,3,2020-03-01
Наука,0.0,2.0,313.38,504.0,1.0,82.56,129.0,375.0,144.18,2020,3,2020-03-01
Творчість,8936.61,156.0,7388.57,13017.56,0.0,0.0,0.0,13017.56,5628.99,2020,3,2020-03-01
Ігри,0.0,4.0,320.67,575.0,0.0,0.0,0.0,575.0,254.33,2020,4,2020-04-01
Книга,0.0,6.0,343.23,550.0,0.0,0.0,0.0,550.0,206.77,2020,4,2020-04-01
Конструктори,0.0,1.0,184.5,310.0,0.0,0.0,0.0,310.0,125.5,2020,4,2020-04-01
Іграшки,4576.62,48.0,4807.37,8002.74,0.0,0.0,0.0,8002.74,3195.37,2020,5,2020-05-01
Ігри,5882.02,40.0,2701.4,4671.16,0.0,0.0,0.0,4671.16,1969.76,2020,5,2020-05-01
Канцтовари,323.12,99.0,1782.34,3381.33,0.0,0.0,0.0,3381.33,1598.99,2020,5,2020-05-01
Книга,22730.89,383.0,22339.3,34052.11,3.0,320.55,460.0,33592.11,11573.36,2020,5,2020-05-01
Конструктори,345.6,20.0,3834.84,6297.0,0.0,0.0,0.0,6297.0,2462.16,2020,5,2020-05-01
Наочні посібники,79.6,23.0,285.45,462.79,0.0,0.0,0.0,462.79,177.34,2020,5,2020-05-01
Наука,0.0,1.0,187.69,325.0,0.0,0.0,0.0,325.0,137.31,2020,5,2020-05-01
Творчість,3086.78,104.0,4917.9,8904.87,0.0,0.0,0.0,8904.87,3986.97,2020,5,2020-05-01
Іграшки,9937.96,113.0,10479.07,17799.61,2.0,261.44,636.99,17162.62,6944.99,2020,6,2020-06-01
Ігри,4510.39,58.0,3394.51,6000.44,1.0,0.0,130.9,5869.54,2475.03,2020,6,2020-06-01
Канцтовари,0.0,81.0,1719.63,3270.28,1.0,0.0,19.39,3250.89,1531.26,2020,6,2020-06-01
Книга,26536.03,517.0,27140.96,42814.43,8.0,92.74,755.71,42058.72,15010.5,2020,6,2020-06-01
Конструктори,9213.68,32.0,6408.79,10194.71,0.0,0.0,0.0,10194.71,3785.92,2020,6,2020-06-01
Наочні посібники,2085.59,19.0,409.92,691.0,0.0,0.0,0.0,691.0,281.08,2020,6,2020-06-01
Наука,230.31,2.0,169.84,272.9,0.0,0.0,0.0,272.9,103.06,2020,6,2020-06-01
Творчість,9390.84,122.0,6520.87,11499.62,0.0,0.0,0.0,11499.62,4978.75,2020,6,2020-06-01
Іграшки,9377.89,141.0,13128.79,22185.53,1.0,417.23,698.0,21487.53,8775.97,2020,7,2020-07-01
Ігри,1075.74,69.0,4032.68,6932.93,0.0,0.0,0.0,6932.93,2900.25,2020,7,2020-07-01
Канцтовари,2795.49,111.0,2644.77,4999.03,1.0,3.64,8.0,4991.03,2349.9,2020,7,2020-07-01
Книга,24020.73,431.0,23640.9,37197.97,1.0,58.74,95.0,37102.97,13520.81,2020,7,2020-07-01
Конструктори,3499.88,30.0,4715.15,7752.37,0.0,0.0,0.0,7752.37,3037.22,2020,7,2020-07-01
Наочні посібники,375.1,14.0,539.96,893.02,0.0,0.0,0.0,893.02,353.06,2020,7,2020-07-01
Наука,114.4,2.0,322.56,521.46,0.0,0.0,0.0,521.46,198.9,2020,7,2020-07-01
Творчість,2149.38,239.0,8236.71,14931.69,4.0,68.82,128.0,14803.69,6635.8,2020,7,2020-07-01
Іграшки,8836.95,96.0,9666.23,16051.42,0.0,0.0,0.0,16051.42,6385.19,2020,8,2020-08-01
Ігри,5272.18,59.0,4563.63,7787.3,0.0,0.0,0.0,7787.3,3223.67,2020,8,2020-08-01
Канцтовари,7334.12,132.0,3772.06,6793.17,2.0,370.3,573.0,6220.17,2818.41,2020,8,2020-08-01
Книга,22332.99,362.0,21204.97,33213.53,3.0,281.2,422.95,32790.58,11866.81,2020,8,2020-08-01
Конструктори,7126.01,24.0,5296.27,8572.97,0.0,0.0,0.0,8572.97,3276.7,2020,8,2020-08-01
Наочні посібники,0.0,27.0,629.88,1030.33,0.0,0.0,0.0,1030.33,400.45,2020,8,2020-08-01
Наука,820.94,1.0,114.4,205.0,0.0,0.0,0.0,205.0,90.6,2020,8,2020-08-01
Творчість,8425.26,115.0,5338.35,9720.28,2.0,242.02,438.0,9282.28,4185.95,2020,8,2020-08-01
Іграшки,25477.51,204.0,18158.81,30485.56,0.0,0.0,0.0,30485.56,12326.75,2020,9,2020-09-01
Ігри,3242.24,96.0,5765.23,9852.65,1.0,40.57,72.86,9779.79,4055.13,2020,9,2020-09-01
Канцтовари,895.31,363.0,4780.67,9061.17,0.0,0.0,0.0,9061.17,4280.5,2020,9,2020-09-01
Книга,29255.82,507.0,27444.92,42893.76,0.0,0.0,0.0,42893.76,15448.84,2020,9,2020-09-01
Конструктори,1915.94,22.0,2325.19,4023.97,0.0,0.0,0.0,4023.97,1698.78,2020,9,2020-09-01
Наочні посібники,1368.16,51.0,1461.91,2293.39,0.0,0.0,0.0,2293.39,831.48,2020,9,2020-09-01
Наука,614.23,12.0,1119.79,1863.65,0.0,0.0,0.0,1863.65,743.86,2020,9,2020-09-01
Творчість,11374.06,166.0,9451.24,17019.86,1.0,57.2,105.0,16914.86,7520.82,2020,9,2020-09-01
Іграшки,9889.27,203.0,10656.9,18598.59,2.0,318.56,525.06,18073.53,7735.19,2020,10,2020-10-01
Ігри,9981.31,126.0,8562.94,14566.79,1.0,136.4,237.51,14329.28,5902.74,2020,10,2020-10-01
Канцтовари,3773.21,185.0,3823.08,7039.31,0.0,0.0,0.0,7039.31,3216.23,2020,10,2020-10-01
Книга,35002.87,663.0,34052.94,53298.97,1.0,31.02,48.47,53250.5,19228.58,2020,10,2020-10-01
Конструктори,1047.67,16.0,2336.09,3846.56,1.0,100.51,159.96,3686.6,1451.02,2020,10,2020-10-01
Наочні посібники,1394.15,38.0,952.1,1597.58,0.0,0.0,0.0,1597.58,645.48,2020,10,2020-10-01
Наука,896.3,4.0,391.38,644.0,0.0,0.0,0.0,644.0,252.62,2020,10,2020-10-01
Творчість,15250.04,187.08,11567.49,19856.21,1.0,281.6,470.0,19386.21,8100.32,2020,10,2020-10-01
Іграшки,11160.41,111.0,6811.09,11759.81,1.0,116.63,195.0,11564.81,4870.35,2020,11,2020-11-01
Ігри,1980.12,84.0,4486.21,7786.52,0.0,0.0,0.0,7786.52,3300.31,2020,11,2020-11-01
Інші,0.0,1.0,47.7,82.0,0.0,0.0,0.0,82.0,34.3,2020,11,2020-11-01
Канцтовари,6862.74,174.0,2777.15,5208.57,0.0,0.0,0.0,5208.57,2431.42,2020,11,2020-11-01
Книга,20513.3,462.0,24835.9,39286.44,1.0,108.0,180.0,39106.44,14378.54,2020,11,2020-11-01
Конструктори,593.48,12.0,3761.79,5940.0,1.0,596.4,936.0,5004.0,1838.61,2020,11,2020-11-01
Наочні посібники,546.36,25.0,565.81,929.36,0.0,0.0,0.0,929.36,363.55,2020,11,2020-11-01
Наука,219.12,6.0,1065.47,1739.6,0.0,0.0,0.0,1739.6,674.13,2020,11,2020-11-01
Творчість,8268.36,206.0,8577.54,15228.69,1.0,73.32,123.0,15105.69,6601.47,2020,11,2020-11-01
Іграшки,36525.53,279.51,26423.81,44066.49,1.0,303.24,498.0,43568.49,17447.92,2020,12,2020-12-01
Ігри,15750.15,205.0,12506.39,21471.81,0.0,0.0,0.0,21471.81,8965.42,2020,12,2020-12-01
Канцтовари,3530.97,319.0,6907.53,12787.28,0.0,0.0,0.0,12787.28,5879.75,2020,12,2020-12-01
Книга,64917.53,992.0,68900.65,106736.9,4.0,540.0,820.0,105916.9,37556.25,2020,12,2020-12-01
Конструктори,13209.03,36.0,6011.86,9928.56,0.0,0.0,0.0,9928.56,3916.7,2020,12,2020-12-01
Наочні посібники,2924.74,66.0,3167.78,5155.11,0.0,0.0,0.0,5155.11,1987.33,2020,12,2020-12-01
Наука,1170.35,6.0,1133.07,1792.72,0.0,0.0,0.0,1792.72,659.65,2020,12,2020-12-01
Творчість,26974.57,426.08,25993.2,44700.13,0.0,0.0,0.0,44700.13,18706.93,2020,12,2020-12-01
Іграшки,3991.9,90.0,7377.47,12200.31,0.0,0.0,0.0,12200.31,4822.84,2021,1,2021-01-01
Ігри,5714.81,69.0,5403.57,9003.77,0.0,0.0,0.0,9003.77,3600.2,2021,1,2021-01-01
Інші,0.0,0.0,0.0,0.0,0.0,0.0,0.0,0.0,0.0,2021,1,2021-01-01
Канцтовари,3200.25,78.0,1833.68,3309.74,0.0,0.0,0.0,3309.74,1476.06,2021,1,2021-01-01
Книга,11374.59,289.0,14004.32,22380.66,0.0,0.0,0.0,22380.66,8376.34,2021,1,2021-01-01
Конструктори,180.6,16.0,2601.87,4364.69,0.0,0.0,0.0,4364.69,1762.82,2021,1,2021-01-01
Музика,0.0,0.0,0.0,0.0,0.0,0.0,0.0,0.0,0.0,2021,1,2021-01-01
Наочні посібники,454.49,19.0,376.22,604.11,0.0,0.0,0.0,604.11,227.89,2021,1,2021-01-01
Наука,114.4,1.0,236.16,369.0,0.0,0.0,0.0,369.0,132.84,2021,1,2021-01-01
Пакет,0.0,0.0,0.0,0.0,0.0,0.0,0.0,0.0,0.0,2021,1,2021-01-01
Творчість,5008.71,112.0,6416.95,11420.71,0.0,0.0,0.0,11420.71,5003.76,2021,1,2021-01-01
Іграшки,13930.82,123.0,10228.13,17400.39,0.0,0.0,0.0,17400.39,7172.26,2021,2,2021-02-01
Ігри,9330.12,107.0,6249.35,10741.76,1.0,98.56,165.0,10576.76,4425.97,2021,2,2021-02-01
Канцтовари,108.36,157.0,2869.3,5429.58,2.0,77.88,140.0,5289.58,2498.16,2021,2,2021-02-01
Книга,55409.22,541.0,29361.2,45901.09,0.0,0.0,0.0,45901.09,16539.89,2021,2,2021-02-01
Конструктори,3984.72,24.0,3567.17,5899.13,0.0,0.0,0.0,5899.13,2331.96,2021,2,2021-02-01
Наочні посібники,3328.69,51.0,989.25,1664.76,1.0,30.15,55.0,1609.76,650.66,2021,2,2021-02-01
Наука,767.72,3.0,257.14,419.0,0.0,0.0,0.0,419.0,161.86,2021,2,2021-02-01
Органіка,416.08,0.0,0.0,0.0,0.0,0.0,0.0,0.0,0.0,2021,2,2021-02-01
Творчість,10485.18,163.0,9102.95,15944.29,1.0,57.2,105.0,15839.29,6793.54,2021,2,2021-02-01
Іграшки,5329.94,101.0,7777.47,13158.67,0.0,0.0,0.0,13158.67,5381.2,2021,3,2021-03-01
Ігри,5678.35,62.0,4049.98,6967.28,1.0,37.8,65.0,6902.28,2890.1,2021,3,2021-03-01
Канцтовари,6791.04,107.0,1950.93,3702.25,2.0,8.24,54.0,3648.25,1705.56,2021,3,2021-03-01
Книга,9518.91,413.0,23004.85,36267.18,0.0,0.0,0.0,36267.18,13262.33,2021,3,2021-03-01
Конструктори,0.0,8.0,1055.48,1836.37,0.0,0.0,0.0,1836.37,780.89,2021,3,2021-03-01
Наочні посібники,0.0,36.0,395.6,643.77,0.0,0.0,0.0,643.77,248.17,2021,3,2021-03-01
Наука,261.9,7.0,317.45,507.0,0.0,0.0,0.0,507.0,189.55,2021,3,2021-03-01
Творчість,10006.02,130.15,7099.37,12703.47,0.0,0.0,0.0,12703.47,5604.1,2021,3,2021-03-01
Ігри,0.0,1.0,107.57,198.0,0.0,0.0,0.0,198.0,90.43,2021,4,2021-04-01
Книга,0.0,18.0,1059.25,1590.0,0.0,0.0,0.0,1590.0,530.75,2021,4,2021-04-01
Конструктори,0.0,2.0,419.3,715.0,0.0,0.0,0.0,715.0,295.7,2021,4,2021-04-01
Наочні посібники,0.0,1.0,18.6,30.0,0.0,0.0,0.0,30.0,11.4,2021,4,2021-04-01
Творчість,0.0,2.0,404.8,696.0,0.0,0.0,0.0,696.0,291.2,2021,4,2021-04-01
Іграшки,2263.86,101.0,7565.26,12721.89,0.0,0.0,0.0,12721.89,5156.63,2021,5,2021-05-01
Ігри,2461.25,81.0,5281.29,9059.88,0.0,0.0,0.0,9059.88,3778.59,2021,5,2021-05-01
Канцтовари,0.0,106.0,1865.61,3513.43,0.0,0.0,0.0,3513.43,1647.82,2021,5,2021-05-01
Книга,22676.76,450.0,23933.53,37553.39,2.0,122.45,190.0,37363.39,13552.31,2021,5,2021-05-01
Конструктори,81.51,8.0,1562.67,2646.0,1.0,225.0,398.0,2248.0,910.33,2021,5,2021-05-01
Наочні посібники,0.0,30.0,718.73,1149.9,0.0,0.0,0.0,1149.9,431.17,2021,5,2021-05-01
Наука,81.64,3.0,183.94,333.0,0.0,0.0,0.0,333.0,149.06,2021,5,2021-05-01
Творчість,13930.62,153.79,8086.49,14305.51,1.0,193.6,330.0,13975.51,6082.62,2021,5,2021-05-01
Іграшки,1720.56,132.0,10045.35,17300.29,1.0,35.33,70.0,17230.29,7220.27,2021,6,2021-06-01
Ігри,248.1,72.0,3155.04,5519.44,0.0,0.0,0.0,5519.44,2364.4,2021,6,2021-06-01
Канцтовари,2442.98,90.0,2056.69,3762.34,0.0,0.0,0.0,3762.34,1705.65,2021,6,2021-06-01
Книга,27327.07,455.0,27814.79,43064.84,1.0,100.17,155.0,42909.84,15195.22,2021,6,2021-06-01
Конструктори,0.0,5.0,677.55,1061.1,0.0,0.0,0.0,1061.1,383.55,2021,6,2021-06-01
Наочні посібники,0.0,26.0,748.54,1205.68,0.0,0.0,0.0,1205.68,457.14,2021,6,2021-06-01
Наука,0.0,3.0,458.88,712.03,0.0,0.0,0.0,712.03,253.15,2021,6,2021-06-01
Органіка,0.0,1.0,416.08,598.0,0.0,0.0,0.0,598.0,181.92,2021,6,2021-06-01
Творчість,341.94,136.15,7163.47,12490.27,0.0,0.0,0.0,12490.27,5326.8,2021,6,2021-06-01
Іграшки,4549.57,90.0,8236.58,13821.09,0.0,0.0,0.0,13821.09,5584.51,2021,7,2021-07-01
Ігри,4461.39,59.0,3985.33,6705.42,0.0,0.0,0.0,6705.42,2720.09,2021,7,2021-07-01
Канцтовари,0.0,80.0,2051.64,3763.98,0.0,0.0,0.0,3763.98,1712.34,2021,7,2021-07-01
Книга,24610.08,365.0,22055.93,34382.12,1.0,96.0,150.0,34232.12,12272.19,2021,7,2021-07-01
Конструктори,2334.64,5.0,1527.16,2464.0,0.0,0.0,0.0,2464.0,936.84,2021,7,2021-07-01
Наочні посібники,1538.07,32.0,956.96,1426.83,0.0,0.0,0.0,1426.83,469.87,2021,7,2021-07-01
Наука,0.0,2.0,153.66,272.0,0.0,0.0,0.0,272.0,118.34,2021,7,2021-07-01
Творчість,5018.38,95.66,5695.91,10116.57,0.0,0.0,0.0,10116.57,4420.66,2021,7,2021-07-01
Іграшки,10959.96,95.0,8795.24,14747.29,3.0,201.46,345.0,14402.29,5808.51,2021,8,2021-08-01
Ігри,6980.85,90.0,5617.05,9451.46,0.0,0.0,0.0,9451.46,3834.41,2021,8,2021-08-01
Канцтовари,2231.22,114.0,2032.57,3811.45,0.0,0.0,0.0,3811.45,1778.88,2021,8,2021-08-01
Книга,38330.47,445.0,27943.21,43517.59,2.0,149.8,220.0,43297.59,15504.18,2021,8,2021-08-01
Конструктори,2479.97,10.0,2200.39,3609.34,0.0,0.0,0.0,3609.34,1408.95,2021,8,2021-08-01
Наочні посібники,101.25,41.0,836.8,1388.12,0.0,0.0,0.0,1388.12,551.32,2021,8,2021-08-01
Наука,0.0,1.0,20.41,38.0,0.0,0.0,0.0,38.0,17.59,2021,8,2021-08-01
Творчість,10008.89,161.02,6993.44,12433.75,0.0,0.0,0.0,12433.75,5440.31,2021,8,2021-08-01
Іграшки,7600.52,115.0,12218.6,20787.88,0.0,0.0,0.0,20787.88,8569.28,2021,9,2021-09-01
Ігри,4708.02,68.0,4844.59,8174.24,0.0,0.0,0.0,8174.24,3329.65,2021,9,2021-09-01
Канцтовари,5490.94,127.0,2681.95,5006.84,0.0,0.0,0.0,5006.84,2324.89,2021,9,2021-09-01
Книга,48796.23,443.0,25309.0,39940.55,0.0,0.0,0.0,39940.55,14631.55,2021,9,2021-09-01
Конструктори,7600.2,21.0,3882.08,6279.36,0.0,0.0,0.0,6279.36,2397.28,2021,9,2021-09-01
Наочні посібники,2205.9,68.0,1007.64,1651.51,0.0,0.0,0.0,1651.51,643.87,2021,9,2021-09-01
Наука,775.68,5.0,275.8,477.0,0.0,0.0,0.0,477.0,201.2,2021,9,2021-09-01
Творчість,4665.72,129.32,8042.65,14020.61,0.0,0.0,0.0,14020.61,5977.96,2021,9,2021-09-01
Іграшки,21180.82,127.0,12937.34,21892.41,0.0,0.0,0.0,21892.41,8955.07,2021,10,2021-10-01
Ігри,6259.73,103.0,7749.3,13148.67,0.0,0.0,0.0,13148.67,5399.37,2021,10,2021-10-01
Інші,92.08,1.0,12.2,25.0,0.0,0.0,0.0,25.0,12.8,2021,10,2021-10-01
Канцтовари,5633.94,175.0,3994.88,7364.87,0.0,0.0,0.0,7364.87,3369.99,2021,10,2021-10-01
Книга,22573.16,487.0,28320.52,44635.57,0.0,0.0,0.0,44635.57,16315.05,2021,10,2021-10-01
Конструктори,3324.96,24.0,4126.96,6917.99,1.0,396.0,675.0,6242.99,2512.03,2021,10,2021-10-01
Наочні посібники,408.4,49.0,1085.08,1760.68,0.0,0.0,0.0,1760.68,675.6,2021,10,2021-10-01
Наука,1258.77,4.0,459.46,737.0,0.0,0.0,0.0,737.0,277.54,2021,10,2021-10-01
Творчість,18881.68,255.82,13534.28,23299.81,3.0,25.52,48.0,23251.81,9743.05,2021,10,2021-10-01
Іграшки,9798.54,134.0,13474.79,22960.06,1.0,265.62,417.02,22543.04,9333.87,2021,11,2021-11-01
Ігри,8858.98,80.0,6001.9,10188.98,0.0,0.0,0.0,10188.98,4187.08,2021,11,2021-11-01
Інші,0.0,1.0,22.56,45.0,0.0,0.0,0.0,45.0,22.44,2021,11,2021-11-01
Канцтовари,0.0,126.0,2142.65,4026.61,0.0,0.0,0.0,4026.61,1883.96,2021,11,2021-11-01
Книга,38248.93,480.0,29190.96,46211.6,0.0,0.0,0.0,46211.6,17020.64,2021,11,2021-11-01
Конструктори,4577.96,19.0,2469.62,4199.0,0.0,0.0,0.0,4199.0,1729.38,2021,11,2021-11-01
Наочні посібники,0.0,27.0,426.06,679.28,0.0,0.0,0.0,679.28,253.22,2021,11,2021-11-01
Наука,0.0,11.0,1336.98,2170.78,0.0,0.0,0.0,2170.78,833.8,2021,11,2021-11-01
Творчість,5785.17,204.14,9692.32,16921.71,0.0,0.0,0.0,16921.71,7229.39,2021,11,2021-11-01
Іграшки,27151.57,220.0,25044.01,41507.3,1.0,408.84,620.0,40887.3,16252.13,2021,12,2021-12-01
Ігри,21622.93,154.0,14220.29,23961.11,0.0,0.0,0.0,23961.11,9740.82,2021,12,2021-12-01
Інші,145.75,1.0,145.75,250.0,0.0,0.0,0.0,250.0,104.25,2021,12,2021-12-01
Канцтовари,3622.29,352.0,5582.12,10555.97,1.0,87.6,147.0,10408.97,4914.45,2021,12,2021-12-01
Книга,67277.47,778.0,61519.5,96645.15,4.0,437.51,695.0,95950.15,34868.16,2021,12,2021-12-01
Конструктори,14189.47,61.0,14374.16,23611.54,0.0,0.0,0.0,23611.54,9237.38,2021,12,2021-12-01
Наочні посібники,2266.6,49.0,2584.8,4072.51,0.0,0.0,0.0,4072.51,1487.71,2021,12,2021-12-01
Наука,4041.8,7.0,1164.89,1798.1,0.0,0.0,0.0,1798.1,633.21,2021,12,2021-12-01
Творчість,29733.22,437.0,26304.49,45118.32,0.0,0.0,0.0,45118.32,18813.83,2021,12,2021-12-01
Іграшки,17658.75,108.0,11591.48,18984.46,0.0,0.0,0.0,18984.46,7392.98,2022,1,2022-01-01
Ігри,3865.51,96.0,8686.52,14644.5,0.0,0.0,0.0,14644.5,5957.98,2022,1,2022-01-01
Канцтовари,778.48,154.0,3179.21,5949.02,6.0,5.25,12.0,5937.02,2763.06,2022,1,2022-01-01
Книга,27247.62,451.0,29306.98,45670.97,3.0,290.34,465.0,45205.97,16189.33,2022,1,2022-01-01
Конструктори,2343.1,21.0,4407.0,7335.4,0.0,0.0,0.0,7335.4,2928.4,2022,1,2022-01-01
Наочні посібники,141.32,30.0,458.01,722.93,0.0,0.0,0.0,722.93,264.92,2022,1,2022-01-01
Наука,0.0,6.0,1138.59,1804.3,0.0,0.0,0.0,1804.3,665.71,2022,1,2022-01-01
Творчість,8018.17,175.0,11855.74,20530.41,2.0,1.27,4.0,20526.41,8671.94,2022,1,2022-01-01
Іграшки,6316.51,75.0,7584.57,12778.15,0.0,0.0,0.0,12778.15,5193.58,2022,2,2022-02-01
Ігри,9539.09,55.0,3694.56,6338.89,0.0,0.0,0.0,6338.89,2644.33,2022,2,2022-02-01
Інші,0.0,2.0,45.12,90.0,0.0,0.0,0.0,90.0,44.88,2022,2,2022-02-01
Канцтовари,6904.65,91.0,2021.46,3783.48,0.0,0.0,0.0,3783.48,1762.02,2022,2,2022-02-01
Книга,51088.05,533.0,33287.65,52300.53,2.0,251.97,405.0,51895.53,18859.85,2022,2,2022-02-01
Конструктори,9017.88,14.0,1948.28,3254.0,0.0,0.0,0.0,3254.0,1305.72,2022,2,2022-02-01
Наочні посібники,711.24,39.0,1017.21,1517.42,0.0,0.0,0.0,1517.42,500.21,2022,2,2022-02-01
Наука,944.64,9.0,921.25,1456.8,0.0,0.0,0.0,1456.8,535.55,2022,2,2022-02-01
Творчість,11823.53,148.08,7542.48,13138.73,0.0,0.0,0.0,13138.73,5596.25,2022,2,2022-02-01
Іграшки,0.0,7.0,515.37,893.0,0.0,0.0,0.0,893.0,377.63,2022,5,2022-05-01
Ігри,0.0,1.0,27.46,50.0,0.0,0.0,0.0,50.0,22.54,2022,5,2022-05-01
Канцтовари,0.0,7.0,147.16,277.0,0.0,0.0,0.0,277.0,129.84,2022,5,2022-05-01
Книга,0.0,40.0,3124.05,4865.0,0.0,0.0,0.0,4865.0,1740.95,2022,5,2022-05-01
Наочні посібники,0.0,3.0,48.72,78.0,0.0,0.0,0.0,78.0,29.28,2022,5,2022-05-01
Творчість,0.0,30.0,926.17,1638.0,0.0,0.0,0.0,1638.0,711.83,2022,5,2022-05-01
Іграшки,0.0,44.5,6152.41,9787.0,1.0,497.67,730.0,9057.0,3402.26,2022,6,2022-06-01
Ігри,0.0,23.0,2616.08,4370.94,0.0,0.0,0.0,4370.94,1754.86,2022,6,2022-06-01
Канцтовари,0.0,32.0,601.5,1083.7,0.0,0.0,0.0,1083.7,482.2,2022,6,2022-06-01
Книга,612.84,273.0,18548.39,29733.71,3.0,258.81,392.93,29340.78,11051.2,2022,6,2022-06-01
Конструктори,0.0,14.0,2685.74,4492.61,0.0,0.0,0.0,4492.61,1806.87,2022,6,2022-06-01
Наочні посібники,0.0,8.0,118.02,186.91,0.0,0.0,0.0,186.91,68.89,2022,6,2022-06-01
Наука,0.0,1.0,44.16,69.0,0.0,0.0,0.0,69.0,24.84,2022,6,2022-06-01
Творчість,0.0,94.0,4028.62,7224.13,0.0,0.0,0.0,7224.13,3195.51,2022,6,2022-06-01
Іграшки,11595.32,101.5,12815.58,20701.17,0.0,0.0,0.0,20701.17,7885.59,2022,7,2022-07-01
Ігри,9322.36,49.0,4765.22,7783.06,1.0,103.97,180.0,7603.06,2941.81,2022,7,2022-07-01
Канцтовари,1986.92,56.0,1618.17,3010.45,0.0,0.0,0.0,3010.45,1392.28,2022,7,2022-07-01
Книга,45196.27,311.0,22610.26,35953.96,0.0,0.0,0.0,35953.96,13343.7,2022,7,2022-07-01
Конструктори,1025.76,20.0,5151.03,8081.0,1.0,491.31,765.0,7316.0,2656.28,2022,7,2022-07-01
Наочні посібники,323.46,21.0,413.24,687.45,0.0,0.0,0.0,687.45,274.21,2022,7,2022-07-01
Наука,1111.53,4.0,599.28,941.0,0.0,0.0,0.0,941.0,341.72,2022,7,2022-07-01
Творчість,11554.56,114.0,6214.63,10987.91,1.0,141.71,255.0,10732.91,4659.99,2022,7,2022-07-01
Іграшки,21349.38,157.0,14781.3,24876.25,1.0,338.65,498.0,24378.25,9935.6,2022,9,2022-09-01
Ігри,12943.5,66.0,6500.37,11022.1,0.0,0.0,0.0,11022.1,4521.73,2022,9,2022-09-01
Канцтовари,9441.55,162.0,3331.52,6221.69,0.0,0.0,0.0,6221.69,2890.17,2022,9,2022-09-01
Книга,48385.27,591.0,41456.57,67847.05,4.0,466.96,700.0,67147.05,26157.44,2022,9,2022-09-01
Конструктори,6694.88,37.0,8063.1,13737.0,0.0,0.0,0.0,13737.0,5673.9,2022,9,2022-09-01
Наочні посібники,772.57,51.0,771.54,1292.64,0.0,0.0,0.0,1292.64,521.1,2022,9,2022-09-01
Наука,250.07,2.0,374.4,585.0,0.0,0.0,0.0,585.0,210.6,2022,9,2022-09-01
Творчість,24608.3,216.08,11881.41,20620.28,3.0,439.76,759.25,19861.03,8419.38,2022,9,2022-09-01
Іграшки,32054.2,172.0,18904.95,30900.54,1.0,208.39,350.0,30550.54,11853.98,2022,10,2022-10-01
Ігри,13459.56,86.0,8529.7,14401.32,1.0,388.22,580.0,13821.32,5679.84,2022,10,2022-10-01
Інші,237.15,0.0,0.0,0.0,0.0,0.0,0.0,0.0,0.0,2022,10,2022-10-01
Канцтовари,1925.92,86.0,2397.16,4152.46,0.0,0.0,0.0,4152.46,1755.3,2022,10,2022-10-01
Книга,48593.82,523.0,39486.13,64279.8,6.0,390.92,690.09,63589.71,24494.5,2022,10,2022-10-01
Конструктори,8524.0,39.0,8859.32,15682.97,0.0,0.0,0.0,15682.97,6823.65,2022,10,2022-10-01
Наочні посібники,1921.32,34.0,820.86,1388.95,0.0,0.0,0.0,1388.95,568.09,2022,10,2022-10-01
Наука,0.0,1.0,267.51,455.0,0.0,0.0,0.0,455.0,187.49,2022,10,2022-10-01
Творчість,13975.31,225.0,14190.05,25030.96,0.0,0.0,0.0,25030.96,10840.91,2022,10,2022-10-01
Іграшки,48215.0,156.0,19565.44,31231.23,0.0,0.0,0.0,31231.23,11665.79,2022,11,2022-11-01
Ігри,13258.01,119.0,11624.26,19729.23,1.0,133.31,220.0,19509.23,8018.28,2022,11,2022-11-01
Інші,237.15,0.0,0.0,0.0,0.0,0.0,0.0,0.0,0.0,2022,11,2022-11-01
Канцтовари,894.21,116.0,2509.88,4691.53,0.0,0.0,0.0,4691.53,2181.65,2022,11,2022-11-01
Книга,56677.74,586.0,42204.46,68425.8,3.0,279.8,433.0,67992.8,26068.14,2022,11,2022-11-01
Конструктори,13696.45,35.0,9069.29,15933.68,0.0,0.0,0.0,15933.68,6864.39,2022,11,2022-11-01
Наочні посібники,41.85,24.0,650.1,1072.0,0.0,0.0,0.0,1072.0,421.9,2022,11,2022-11-01
Наука,1881.37,3.0,507.59,833.0,0.0,0.0,0.0,833.0,325.41,2022,11,2022-11-01
Творчість,28165.7,269.0,20664.69,36411.53,5.0,216.31,388.0,36023.53,15575.15,2022,11,2022-11-01
Іграшки,42880.38,296.0,46097.06,76518.12,2.0,233.03,420.0,76098.12,30234.09,2022,12,2022-12-01
Ігри,17711.63,241.0,27337.77,45949.94,1.0,280.72,475.0,45474.94,18417.89,2022,12,2022-12-01
Канцтовари,5070.22,164.0,5613.58,10329.45,3.0,187.34,418.0,9911.45,4485.21,2022,12,2022-12-01
Книга,108357.67,880.0,84338.28,135445.2,9.0,511.91,1039.57,134405.63,50579.26,2022,12,2022-12-01
Конструктори,31846.47,97.0,30606.41,51181.71,1.0,239.56,380.0,50801.71,20434.86,2022,12,2022-12-01
Наочні посібники,1661.76,58.0,1108.57,1918.88,10.0,151.08,277.0,1641.88,684.39,2022,12,2022-12-01
Наука,1592.65,14.0,3944.96,6806.0,1.0,255.36,339.0,6467.0,2777.4,2022,12,2022-12-01
Творчість,31165.01,480.0,38481.45,66460.71,0.0,0.0,0.0,66460.71,27979.26,2022,12,2022-12-01
Іграшки,11498.39,128.0,17630.73,29537.54,2.0,365.4,603.0,28934.54,11669.21,2023,1,2023-01-01
Ігри,13039.26,113.0,11231.03,19311.17,0.0,0.0,0.0,19311.17,8080.14,2023,1,2023-01-01
Канцтовари,8848.0,113.0,2939.59,5492.47,0.0,0.0,0.0,5492.47,2552.88,2023,1,2023-01-01
Книга,63501.91,563.0,46017.66,74382.44,1.0,280.0,390.0,73992.44,28254.78,2023,1,2023-01-01
Конструктори,11342.32,33.0,10678.22,17924.65,2.0,1015.8,1780.0,16144.65,6482.23,2023,1,2023-01-01
Наочні посібники,89.28,40.0,881.3,1474.1,1.0,25.6,40.0,1434.1,578.4,2023,1,2023-01-01
Наука,85.36,2.0,394.04,828.0,0.0,0.0,0.0,828.0,433.96,2023,1,2023-01-01
Творчість,20113.12,201.0,13570.18,24209.64,0.0,0.0,0.0,24209.64,10639.46,2023,1,2023-01-01
Іграшки,19114.05,101.0,13948.42,23116.46,1.0,0.0,10.0,23106.46,9158.04,2023,2,2023-02-01
Ігри,11409.83,74.0,7798.7,13249.33,0.0,0.0,0.0,13249.33,5450.63,2023,2,2023-02-01
Інші,319.96,0.0,0.0,0.0,0.0,0.0,0.0,0.0,0.0,2023,2,2023-02-01
Канцтовари,1203.31,105.0,2438.02,4603.09,0.0,0.0,0.0,4603.09,2165.07,2023,2,2023-02-01
Книга,27621.3,441.0,39122.43,63124.85,2.0,81.44,170.0,62954.85,23913.86,2023,2,2023-02-01
Конструктори,6603.28,29.0,6226.27,10914.83,1.0,307.8,555.0,10359.83,4441.36,2023,2,2023-02-01
Наочні посібники,947.0,31.0,1017.92,1670.68,0.0,0.0,0.0,1670.68,652.76,2023,2,2023-02-01
Наука,3902.08,3.0,695.88,1122.0,0.0,0.0,0.0,1122.0,426.12,2023,2,2023-02-01
Творчість,14116.75,180.0,13760.81,24001.76,0.0,0.0,0.0,24001.76,10240.95,2023,2,2023-02-01
Іграшки,11135.71,104.0,18000.72,29557.79,1.0,864.45,1350.0,28207.79,11071.52,2023,3,2023-03-01
Ігри,5323.79,85.0,8788.57,15361.88,0.0,0.0,0.0,15361.88,6573.31,2023,3,2023-03-01
Канцтовари,0.0,102.0,2650.07,4995.21,0.0,0.0,0.0,4995.21,2345.14,2023,3,2023-03-01
Книга,56659.76,471.0,39617.75,63480.46,3.0,340.3,510.0,62970.46,23693.01,2023,3,2023-03-01
Конструктори,6423.42,19.0,7696.22,12432.48,0.0,0.0,0.0,12432.48,4736.26,2023,3,2023-03-01
Наочні посібники,1678.32,31.0,856.59,1546.48,1.0,11.52,18.0,1528.48,683.41,2023,3,2023-03-01
Наука,1263.62,1.0,108.18,159.0,0.0,0.0,0.0,159.0,50.82,2023,3,2023-03-01
Творчість,16179.0,209.0,14552.02,25539.71,1.0,89.1,160.0,25379.71,10916.79,2023,3,2023-03-01
Іграшки,4550.13,68.0,9291.29,16301.85,0.0,0.0,0.0,16301.85,7010.56,2023,4,2023-04-01
Ігри,12227.88,69.0,8231.12,13950.14,1.0,164.19,289.0,13661.14,5594.21,2023,4,2023-04-01
Інші,0.0,2.0,474.3,776.05,0.0,0.0,0.0,776.05,301.75,2023,4,2023-04-01
Канцтовари,2940.29,62.0,2084.71,3847.17,0.0,0.0,0.0,3847.17,1762.46,2023,4,2023-04-01
Книга,37253.6,342.0,34194.24,54528.15,2.0,606.0,950.0,53578.15,19989.91,2023,4,2023-04-01
Конструктори,4790.35,16.0,5003.08,8840.46,1.0,174.6,315.0,8525.46,3696.98,2023,4,2023-04-01
Наочні посібники,137.7,20.0,486.84,965.09,0.0,0.0,0.0,965.09,478.25,2023,4,2023-04-01
Наука,0.0,1.0,408.96,639.0,0.0,0.0,0.0,639.0,230.04,2023,4,2023-04-01
Творчість,12260.48,207.0,10418.44,18403.1,0.0,0.0,0.0,18403.1,7984.66,2023,4,2023-04-01
Іграшки,7306.1,54.0,8903.4,15399.11,0.0,0.0,0.0,15399.11,6495.71,2023,5,2023-05-01
Ігри,3291.15,65.0,7118.95,11878.71,0.0,0.0,0.0,11878.71,4759.76,2023,5,2023-05-01
Канцтовари,679.62,59.0,1326.23,2432.63,0.0,0.0,0.0,2432.63,1106.4,2023,5,2023-05-01
Книга,28726.86,329.0,30526.01,48495.16,1.0,224.38,345.0,48150.16,17848.53,2023,5,2023-05-01
Конструктори,9627.08,24.0,7211.08,11799.75,0.0,0.0,0.0,11799.75,4588.67,2023,5,2023-05-01
Наочні посібники,356.56,28.0,938.36,1636.0,0.0,0.0,0.0,1636.0,697.64,2023,5,2023-05-01
Наука,0.0,2.0,725.46,1109.0,0.0,0.0,0.0,1109.0,383.54,2023,5,2023-05-01
Творчість,17285.8,138.0,9254.88,16387.64,0.0,0.0,0.0,16387.64,7132.76,2023,5,2023-05-01
Іграшки,12250.76,78.0,10131.31,17180.96,0.0,0.0,0.0,17180.96,7049.65,2023,6,2023-06-01
Ігри,12994.12,45.0,4724.3,8211.26,0.0,0.0,0.0,8211.26,3486.96,2023,6,2023-06-01
Інші,0.0,1.0,159.98,280.0,0.0,0.0,0.0,280.0,120.02,2023,6,2023-06-01
Канцтовари,563.2,46.0,1572.93,2822.22,0.0,0.0,0.0,2822.22,1249.29,2023,6,2023-06-01
Книга,58816.55,408.0,36958.18,60585.33,2.0,27.0,280.0,60305.33,23374.15,2023,6,2023-06-01
Конструктори,7702.44,14.0,4184.22,7198.0,0.0,0.0,0.0,7198.0,3013.78,2023,6,2023-06-01
Наочні посібники,1170.74,18.0,824.69,1356.66,0.0,0.0,0.0,1356.66,531.97,2023,6,2023-06-01
Наука,217.36,2.0,372.24,585.9,0.0,0.0,0.0,585.9,213.66,2023,6,2023-06-01
Творчість,14573.61,151.0,7904.32,13805.67,0.0,0.0,0.0,13805.67,5901.35,2023,6,2023-06-01
Іграшки,4475.46,70.0,6837.77,12156.98,1.0,378.0,565.0,11591.98,5132.21,2023,7,2023-07-01
Ігри,162.0,47.0,6442.89,10874.13,2.0,254.54,417.0,10457.13,4268.78,2023,7,2023-07-01
Інші,0.0,1.0,159.98,280.0,0.0,0.0,0.0,280.0,120.02,2023,7,2023-07-01
Канцтовари,0.0,51.0,1318.82,2470.5,0.0,0.0,0.0,2470.5,1151.68,2023,7,2023-07-01
Книга,3051.24,251.0,27806.57,44149.0,1.0,112.2,185.0,43964.0,16269.63,2023,7,2023-07-01
Конструктори,3954.66,12.0,3521.96,6286.0,0.0,0.0,0.0,6286.0,2764.04,2023,7,2023-07-01
Наочні посібники,0.0,11.0,519.49,884.0,0.0,0.0,0.0,884.0,364.51,2023,7,2023-07-01
Наука,0.0,2.0,676.48,1069.0,0.0,0.0,0.0,1069.0,392.52,2023,7,2023-07-01
Творчість,861.72,130.0,9947.58,17451.39,0.0,0.0,0.0,17451.39,7503.81,2023,7,2023-07-01
Іграшки,14593.31,87.0,9852.98,16745.93,1.0,24.68,47.65,16698.28,6869.98,2023,8,2023-08-01
Ігри,10256.31,57.0,4463.64,7799.68,0.0,0.0,0.0,7799.68,3336.04,2023,8,2023-08-01
Канцтовари,2209.61,39.0,1175.79,2139.58,1.0,12.13,25.0,2114.58,950.92,2023,8,2023-08-01
Книга,83181.58,358.0,36276.7,58476.24,2.0,79.8,140.0,58336.24,22139.34,2023,8,2023-08-01
Конструктори,1573.07,20.0,6431.95,10938.33,0.0,0.0,0.0,10938.33,4506.38,2023,8,2023-08-01
Наочні посібники,2881.14,19.0,511.93,811.0,0.0,0.0,0.0,811.0,299.07,2023,8,2023-08-01
Наука,388.48,1.0,302.57,458.18,0.0,0.0,0.0,458.18,155.61,2023,8,2023-08-01
Творчість,13987.69,137.0,10652.62,18227.06,3.0,34.19,67.0,18160.06,7541.63,2023,8,2023-08-01
Іграшки,13767.52,116.0,16109.61,27356.84,0.0,0.0,0.0,27356.84,11247.23,2023,9,2023-09-01
Ігри,7135.49,44.0,3832.18,6690.65,0.0,0.0,0.0,6690.65,2858.47,2023,9,2023-09-01
Інші,2927.92,1.0,127.92,230.0,0.0,0.0,0.0,230.0,102.08,2023,9,2023-09-01
Канцтовари,4669.52,64.0,1516.07,2876.37,0.0,0.0,0.0,2876.37,1360.3,2023,9,2023-09-01
Книга,49746.59,455.0,43328.35,69727.11,1.0,224.0,330.0,69397.11,26292.76,2023,9,2023-09-01
Конструктори,19395.95,25.0,7406.68,12425.04,0.0,0.0,0.0,12425.04,5018.36,2023,9,2023-09-01
Наочні посібники,2006.2,51.0,2739.04,4437.47,0.0,0.0,0.0,4437.47,1698.43,2023,9,2023-09-01
Творчість,14230.55,142.83,8886.74,15911.52,5.0,0.0,5.0,15906.52,7019.78,2023,9,2023-09-01
Ігри,1924.08,60.0,5779.21,10146.14,0.0,0.0,0.0,10146.14,4366.93,2023,10,2023-10-01
Інші,0.0,6.0,840.0,1425.0,0.0,0.0,0.0,1425.0,585.0,2023,10,2023-10-01
Канцтовари,0.0,56.0,1956.43,3609.9,0.0,0.0,0.0,3609.9,1653.47,2023,10,2023-10-01
Книга,0.0,353.0,31299.58,51047.21,1.0,84.0,140.0,50907.21,19691.63,2023,10,2023-10-01
Конструктори,5952.32,25.0,6600.83,11414.45,0.0,0.0,0.0,11414.45,4813.62,2023,10,2023-10-01
Наочні посібники,543.3,28.0,1128.26,1914.08,5.0,125.4,205.0,1709.08,706.22,2023,10,2023-10-01
Наука,0.0,1.0,826.16,1800.0,0.0,0.0,0.0,1800.0,973.84,2023,10,2023-10-01
Творчість,5699.2,149.0,10279.24,18294.09,0.0,0.0,0.0,18294.09,8014.85,2023,10,2023-10-01
Ігри,6167.08,68.0,6610.29,11389.0,1.0,150.0,250.0,11139.0,4678.71,2023,11,2023-11-01
Інші,0.0,9.0,1260.0,2145.0,0.0,0.0,0.0,2145.0,885.0,2023,11,2023-11-01
Канцтовари,727.81,61.0,2021.42,3718.94,0.0,0.0,0.0,3718.94,1697.52,2023,11,2023-11-01
Книга,26434.94,326.0,38983.18,61254.75,1.0,27.0,50.0,61204.75,22248.57,2023,11,2023-11-01
Конструктори,15708.56,32.0,9771.26,16643.0,0.0,0.0,0.0,16643.0,6871.74,2023,11,2023-11-01
Наочні посібники,545.12,15.0,501.32,820.0,0.0,0.0,0.0,820.0,318.68,2023,11,2023-11-01
Наука,0.0,1.0,217.36,375.0,0.0,0.0,0.0,375.0,157.64,2023,11,2023-11-01
Творчість,16670.88,172.0,11995.72,21319.65,0.0,0.0,0.0,21319.65,9323.93,2023,11,2023-11-01
Ігри,4754.18,115.0,14537.21,24655.38,0.0,0.0,0.0,24655.38,10118.17,2023,12,2023-12-01
Інші,317.34,1.0,140.0,240.0,0.0,0.0,0.0,240.0,100.0,2023,12,2023-12-01
Канцтовари,7317.01,89.0,2624.31,5024.12,0.0,0.0,0.0,5024.12,2399.81,2023,12,2023-12-01
Книга,98325.28,518.0,65377.48,103178.66,1.0,178.19,280.0,102898.66,37699.37,2023,12,2023-12-01
Конструктори,15973.58,80.0,28047.46,46158.59,0.0,0.0,0.0,46158.59,18111.13,2023,12,2023-12-01
Наочні посібники,3796.8,22.0,906.02,1515.0,0.0,0.0,0.0,1515.0,608.98,2023,12,2023-12-01
Наука,2552.34,4.0,633.76,1043.0,0.0,0.0,0.0,1043.0,409.24,2023,12,2023-12-01
Творчість,21726.79,238.0,26211.93,44088.49,0.0,0.0,0.0,44088.49,17876.56,2023,12,2023-12-01
Ігри,17050.1,66.0,6967.03,11878.37,1.0,50.54,95.02,11783.35,4866.86,2024,1,2024-01-01
Інші,1822.8,7.0,940.8,1640.0,0.0,0.0,0.0,1640.0,699.2,2024,1,2024-01-01
Канцтовари,564.96,49.0,1504.47,2743.39,0.0,0.0,0.0,2743.39,1238.92,2024,1,2024-01-01
Книга,47618.1,309.0,32702.52,51979.94,2.0,210.96,319.0,51660.94,19169.38,2024,1,2024-01-01
Конструктори,6492.75,22.0,6253.18,10698.65,1.0,801.46,1460.0,9238.65,3786.93,2024,1,2024-01-01
Наочні посібники,432.96,21.0,688.7,1124.93,0.0,0.0,0.0,1124.93,436.23,2024,1,2024-01-01
Наука,0.0,4.0,1021.84,1613.0,0.0,0.0,0.0,1613.0,591.16,2024,1,2024-01-01
Творчість,17743.34,117.0,11061.86,18692.81,1.0,264.38,422.0,18270.81,7473.33,2024,1,2024-01-01
Ігри,9893.33,57.0,5836.2,9949.47,0.0,0.0,0.0,9949.47,4113.27,2024,2,2024-02-01
Інші,134.8,0.0,0.0,0.0,0.0,0.0,0.0,0.0,0.0,2024,2,2024-02-01
Канцтовари,0.0,54.0,1893.84,3486.53,0.0,0.0,0.0,3486.53,1592.69,2024,2,2024-02-01
Книга,15268.8,312.0,34219.21,54164.03,1.0,248.96,389.0,53775.03,19804.78,2024,2,2024-02-01
Конструктори,1438.25,12.0,5583.64,8963.0,0.0,0.0,0.0,8963.0,3379.36,2024,2,2024-02-01
Наочні посібники,0.0,21.0,649.79,1102.15,0.0,0.0,0.0,1102.15,452.36,2024,2,2024-02-01
Наука,0.0,1.0,159.36,249.0,0.0,0.0,0.0,249.0,89.64,2024,2,2024-02-01
Творчість,5633.16,104.0,11196.11,18981.85,1.0,212.9,350.0,18631.85,7648.64,2024,2,2024-02-01
Ігри,0.0,51.0,4742.14,8359.64,1.0,55.44,105.0,8254.64,3567.94,2024,3,2024-03-01
Інші,1822.8,0.0,0.0,0.0,0.0,0.0,0.0,0.0,0.0,2024,3,2024-03-01
Канцтовари,0.0,86.0,2627.22,4914.66,0.0,0.0,0.0,4914.66,2287.44,2024,3,2024-03-01
Книга,0.0,251.0,27228.98,42844.99,2.0,308.0,480.0,42364.99,15444.01,2024,3,2024-03-01
Конструктори,0.0,16.0,4124.45,7127.88,0.0,0.0,0.0,7127.88,3003.43,2024,3,2024-03-01
Наочні посібники,0.0,13.0,825.81,1278.27,1.0,25.08,45.0,1233.27,432.54,2024,3,2024-03-01
Творчість,8836.66,88.0,8824.27,15289.6,0.0,0.0,0.0,15289.6,6465.33,2024,3,2024-03-01
Ігри,19528.42,57.0,6414.93,11009.42,0.0,0.0,0.0,11009.42,4594.49,2024,4,2024-04-01
Інші,0.0,6.0,491.7,907.85,0.0,0.0,0.0,907.85,416.15,2024,4,2024-04-01
Канцтовари,2019.51,31.0,763.62,1792.96,0.0,0.0,0.0,1792.96,1029.34,2024,4,2024-04-01
Книга,62852.96,215.0,20271.82,31644.4,0.0,0.0,0.0,31644.4,11372.58,2024,4,2024-04-01
Конструктори,4335.51,16.0,5713.51,9419.05,0.0,0.0,0.0,9419.05,3705.54,2024,4,2024-04-01
Музика,93.32,0.0,0.0,0.0,0.0,0.0,0.0,0.0,0.0,2024,4,2024-04-01
Наочні посібники,1257.7,7.0,252.31,427.0,0.0,0.0,0.0,427.0,174.69,2024,4,2024-04-01
Наука,3500.16,1.0,351.36,549.0,0.0,0.0,0.0,549.0,197.64,2024,4,2024-04-01
Творчість,15999.45,93.0,10261.54,17523.03,0.0,0.0,0.0,17523.03,7261.49,2024,4,2024-04-01
Ігри,2160.84,36.0,5817.44,9362.93,0.0,0.0,0.0,9362.93,3545.49,2024,5,2024-05-01
Інші,0.0,1.0,33.7,65.0,0.0,0.0,0.0,65.0,31.3,2024,5,2024-05-01
Канцтовари,0.0,29.0,510.74,1071.59,1.0,22.18,45.0,1026.59,538.03,2024,5,2024-05-01
Книга,0.0,195.0,23227.24,36290.34,1.0,35.2,55.0,36235.34,13043.3,2024,5,2024-05-01
Конструктори,24084.36,19.0,5754.99,9568.89,0.0,0.0,0.0,9568.89,3813.9,2024,5,2024-05-01
Наочні посібники,0.0,17.0,447.3,734.0,0.0,0.0,0.0,734.0,286.7,2024,5,2024-05-01
Наука,0.0,2.0,581.76,872.0,0.0,0.0,0.0,872.0,290.24,2024,5,2024-05-01
Творчість,0.0,80.0,6897.56,12224.19,1.0,0.0,330.0,11894.19,4996.63,2024,5,2024-05-01
Ігри,0.0,49.0,7516.48,11923.0,0.0,0.0,0.0,11923.0,4406.52,2024,6,2024-06-01
Інші,0.0,3.0,390.6,713.0,0.0,0.0,0.0,713.0,322.4,2024,6,2024-06-01
Канцтовари,0.0,21.0,557.44,1188.0,0.0,0.0,0.0,1188.0,630.56,2024,6,2024-06-01
Книга,34651.48,282.0,29218.46,46194.25,0.0,0.0,0.0,46194.25,16975.79,2024,6,2024-06-01
Конструктори,0.0,14.0,3560.46,6102.5,0.0,0.0,0.0,6102.5,2542.04,2024,6,2024-06-01
Наочні посібники,0.0,6.0,451.45,710.39,0.0,0.0,0.0,710.39,258.94,2024,6,2024-06-01
Наука,0.0,3.0,483.0,778.0,0.0,0.0,0.0,778.0,295.0,2024,6,2024-06-01
Творчість,0.0,67.0,5204.55,8887.49,0.0,0.0,0.0,8887.49,3682.94,2024,6,2024-06-01
Ігри,10155.82,47.0,6170.61,10440.06,0.0,0.0,0.0,10440.06,4269.45,2024,7,2024-07-01
Інші,0.0,2.0,177.9,305.01,0.0,0.0,0.0,305.01,127.11,2024,7,2024-07-01
Канцтовари,0.0,21.0,541.01,1126.15,0.0,0.0,0.0,1126.15,585.14,2024,7,2024-07-01
Книга,33047.74,200.0,24383.14,38334.56,1.0,217.6,340.0,37994.56,13829.02,2024,7,2024-07-01
Конструктори,3760.03,10.0,3068.28,4998.99,1.0,216.6,378.0,4620.99,1769.31,2024,7,2024-07-01
Наочні посібники,2182.32,14.0,959.6,1496.79,0.0,0.0,0.0,1496.79,537.19,2024,7,2024-07-01
Наука,217.36,1.0,134.4,210.0,0.0,0.0,0.0,210.0,75.6,2024,7,2024-07-01
Творчість,12576.26,40.0,3882.89,6893.76,0.0,0.0,0.0,6893.76,3010.87,2024,7,2024-07-01
Ігри,0.0,30.0,3435.82,6054.18,0.0,0.0,0.0,6054.18,2618.36,2024,8,2024-08-01
Канцтовари,0.0,25.0,789.5,1481.13,0.0,0.0,0.0,1481.13,691.63,2024,8,2024-08-01
Книга,24502.5,179.0,23640.25,35868.69,1.0,294.0,490.0,35378.69,12032.44,2024,8,2024-08-01
Конструктори,0.0,9.0,3549.84,5482.0,0.0,0.0,0.0,5482.0,1932.16,2024,8,2024-08-01
Наочні посібники,0.0,13.0,415.5,662.0,0.0,0.0,0.0,662.0,246.5,2024,8,2024-08-01
Наука,0.0,3.0,488.88,780.0,0.0,0.0,0.0,780.0,291.12,2024,8,2024-08-01
Творчість,0.0,60.0,5836.75,10085.53,0.0,0.0,0.0,10085.53,4248.78,2024,8,2024-08-01
Ігри,13614.85,40.0,5535.06,9194.34,0.0,0.0,0.0,9194.34,3659.28,2024,9,2024-09-01
Інші,0.0,2.0,260.4,470.0,0.0,0.0,0.0,470.0,209.6,2024,9,2024-09-01
Канцтовари,1012.62,29.0,850.63,1581.54,0.0,0.0,0.0,1581.54,730.91,2024,9,2024-09-01
Книга,464.64,245.0,29236.23,45462.82,0.0,0.0,0.0,45462.82,16226.59,2024,9,2024-09-01
Конструктори,1788.13,16.0,6035.03,9850.0,0.0,0.0,0.0,9850.0,3814.97,2024,9,2024-09-01
Музика,0.0,1.0,93.32,160.0,0.0,0.0,0.0,160.0,66.68,2024,9,2024-09-01
Наочні посібники,100.98,17.0,495.26,798.0,0.0,0.0,0.0,798.0,302.74,2024,9,2024-09-01
Наука,0.0,1.0,566.4,965.0,0.0,0.0,0.0,965.0,398.6,2024,9,2024-09-01
Творчість,6676.35,76.0,7441.9,13159.22,0.0,0.0,0.0,13159.22,5717.32,2024,9,2024-09-01
Ігри,5195.16,60.0,7932.52,13461.34,1.0,326.4,510.0,12951.34,5345.22,2024,10,2024-10-01
Інші,0.0,2.0,260.4,462.79,0.0,0.0,0.0,462.79,202.39,2024,10,2024-10-01
Канцтовари,2702.24,47.0,1132.22,2312.31,0.0,0.0,0.0,2312.31,1180.09,2024,10,2024-10-01
Книга,59576.43,268.0,30034.48,47861.12,0.0,0.0,0.0,47861.12,17826.64,2024,10,2024-10-01
Конструктори,2460.17,18.0,6053.99,9793.72,0.0,0.0,0.0,9793.72,3739.73,2024,10,2024-10-01
Наочні посібники,265.2,5.0,169.16,325.0,0.0,0.0,0.0,325.0,155.84,2024,10,2024-10-01
Творчість,10246.45,134.0,10679.22,18402.89,0.0,0.0,0.0,18402.89,7723.67,2024,10,2024-10-01
Ігри,5250.9,58.0,6406.0,11366.6,0.0,0.0,0.0,11366.6,4960.6,2024,11,2024-11-01
Канцтовари,728.15,44.0,1384.31,2583.78,0.0,0.0,0.0,2583.78,1199.47,2024,11,2024-11-01
Книга,70283.98,294.0,33147.94,51732.67,1.0,280.0,387.95,51344.72,18476.78,2024,11,2024-11-01
Конструктори,20413.41,18.0,5549.07,9105.0,0.0,0.0,0.0,9105.0,3555.93,2024,11,2024-11-01
Наочні посібники,232.5,12.0,456.77,774.0,0.0,0.0,0.0,774.0,317.23,2024,11,2024-11-01
Наука,1394.65,2.0,296.88,470.0,0.0,0.0,0.0,470.0,173.12,2024,11,2024-11-01
Творчість,4705.89,65.0,5858.45,10203.17,0.0,0.0,0.0,10203.17,4344.72,2024,11,2024-11-01
Ігри,19362.52,104.0,14647.8,24905.17,0.0,0.0,0.0,24905.17,10257.37,2024,12,2024-12-01
Інші,0.0,5.0,626.58,1146.04,0.0,0.0,0.0,1146.04,519.46,2024,12,2024-12-01
Канцтовари,154.56,34.0,1206.57,2329.97,0.0,0.0,0.0,2329.97,1123.4,2024,12,2024-12-01
Книга,7241.22,421.0,60322.73,93711.51,3.0,624.68,958.0,92753.51,33055.46,2024,12,2024-12-01
Конструктори,24642.91,65.0,25659.58,42204.62,1.0,54.41,90.27,42114.35,16509.18,2024,12,2024-12-01
Наочні посібники,0.0,13.0,678.85,1125.43,0.0,0.0,0.0,1125.43,446.58,2024,12,2024-12-01
Наука,0.0,2.0,1177.36,1825.0,0.0,0.0,0.0,1825.0,647.64,2024,12,2024-12-01
Творчість,11082.4,95.0,13023.87,23080.28,0.0,0.0,0.0,23080.28,10056.41,2024,12,2024-12-01
Ігри,5277.55,56.0,6613.13,11017.38,0.0,0.0,0.0,11017.38,4404.25,2025,1,2025-01-01
Інші,0.0,3.0,400.4,720.0,0.0,0.0,0.0,720.0,319.6,2025,1,2025-01-01
Канцтовари,896.37,23.0,1163.3,2126.75,0.0,0.0,0.0,2126.75,963.45,2025,1,2025-01-01
Книга,46160.19,206.0,26328.62,41180.47,0.0,0.0,0.0,41180.47,14851.85,2025,1,2025-01-01
Конструктори,1905.92,19.0,6178.68,10990.35,0.0,0.0,0.0,10990.35,4811.67,2025,1,2025-01-01
Наочні посібники,565.44,6.0,355.2,565.57,0.0,0.0,0.0,565.57,210.37,2025,1,2025-01-01
Наука,217.36,2.0,491.92,804.0,0.0,0.0,0.0,804.0,312.08,2025,1,2025-01-01
Творчість,9041.93,50.0,5208.91,10038.15,1.0,33.3,62.0,9976.15,4800.54,2025,1,2025-01-01
Ігри,2472.79,56.0,7352.36,11917.94,0.0,0.0,0.0,11917.94,4565.58,2025,2,2025-02-01
Інші,0.0,1.0,105.78,198.0,0.0,0.0,0.0,198.0,92.22,2025,2,2025-02-01
Канцтовари,1386.18,27.0,555.25,1046.07,0.0,0.0,0.0,1046.07,490.82,2025,2,2025-02-01
Книга,6472.39,218.0,29677.72,46348.01,2.0,133.0,350.0,45998.01,16453.29,2025,2,2025-02-01
Конструктори,6850.21,10.0,3049.05,4861.62,0.0,0.0,0.0,4861.62,1812.57,2025,2,2025-02-01
Наочні посібники,0.0,18.0,513.26,850.0,0.0,0.0,0.0,850.0,336.74,2025,2,2025-02-01
Наука,607.07,1.0,293.76,459.0,0.0,0.0,0.0,459.0,165.24,2025,2,2025-02-01
Творчість,3863.84,47.0,6361.23,10524.25,0.0,0.0,0.0,10524.25,4163.02,2025,2,2025-02-01
Ігри,9695.87,62.0,8524.31,13850.13,0.0,0.0,0.0,13850.13,5325.82,2025,3,2025-03-01
Інші,0.0,2.0,260.4,480.0,0.0,0.0,0.0,480.0,219.6,2025,3,2025-03-01
Канцтовари,186.93,27.0,1045.57,1911.75,0.0,0.0,0.0,1911.75,866.18,2025,3,2025-03-01
Книга,80061.32,238.0,31839.55,50470.34,0.0,0.0,0.0,50470.34,18630.79,2025,3,2025-03-01
Конструктори,2019.03,12.0,3985.64,6446.46,0.0,0.0,0.0,6446.46,2460.82,2025,3,2025-03-01
Наочні посібники,572.88,9.0,1206.6,1740.0,0.0,0.0,0.0,1740.0,533.4,2025,3,2025-03-01
Наука,2204.56,3.0,1056.0,1346.46,0.0,0.0,0.0,1346.46,290.46,2025,3,2025-03-01
Творчість,6655.67,69.0,8191.0,14100.07,0.0,0.0,0.0,14100.07,5909.07,2025,3,2025-03-01
Ігри,0.0,17.0,2014.05,3914.79,0.0,0.0,0.0,3914.79,1900.74,2025,4,2025-04-01
Інші,3600.0,3.0,410.2,756.0,0.0,0.0,0.0,756.0,345.8,2025,4,2025-04-01
Канцтовари,0.0,14.0,545.95,1014.76,0.0,0.0,0.0,1014.76,468.81,2025,4,2025-04-01
Книга,0.0,186.0,23797.4,37374.29,1.0,211.2,330.0,37044.29,13458.09,2025,4,2025-04-01
Конструктори,0.0,6.0,2689.35,4194.0,0.0,0.0,0.0,4194.0,1504.65,2025,4,2025-04-01
Наочні посібники,0.0,10.0,374.24,635.21,0.0,0.0,0.0,635.21,260.97,2025,4,2025-04-01
Творчість,8067.0,29.0,3784.74,6469.46,0.0,0.0,0.0,6469.46,2684.72,2025,4,2025-04-01
Ігри,9209.44,62.0,7406.37,12323.29,1.0,600.31,798.0,11525.29,4719.23,2025,5,2025-05-01
Інші,0.0,1.0,115.0,210.0,0.0,0.0,0.0,210.0,95.0,2025,5,2025-05-01
Канцтовари,0.0,18.0,616.0,1102.0,0.0,0.0,0.0,1102.0,486.0,2025,5,2025-05-01
Книга,8366.26,184.0,25664.8,40121.31,3.0,449.32,745.0,39376.31,14160.83,2025,5,2025-05-01
Конструктори,2787.27,6.0,2482.71,3794.91,0.0,0.0,0.0,3794.91,1312.2,2025,5,2025-05-01
Наочні посібники,928.92,7.0,230.51,396.0,0.0,0.0,0.0,396.0,165.49,2025,5,2025-05-01
Наука,291.97,1.0,460.8,720.0,0.0,0.0,0.0,720.0,259.2,2025,5,2025-05-01
Творчість,8962.16,40.0,5439.73,9232.5,0.0,0.0,0.0,9232.5,3792.77,2025,5,2025-05-01
Ігри,4430.94,46.0,5597.75,9081.05,0.0,0.0,0.0,9081.05,3483.3,2025,6,2025-06-01
Інші,0.0,2.0,365.2,670.0,0.0,0.0,0.0,670.0,304.8,2025,6,2025-06-01
Канцтовари,0.0,20.0,999.43,1813.27,0.0,0.0,0.0,1813.27,813.84,2025,6,2025-06-01
Книга,40203.34,205.0,24996.97,38817.18,0.0,0.0,0.0,38817.18,13820.21,2025,6,2025-06-01
Конструктори,0.0,12.0,4622.5,6942.04,0.0,0.0,0.0,6942.04,2319.54,2025,6,2025-06-01
Наочні посібники,1138.32,5.0,249.34,392.0,0.0,0.0,0.0,392.0,142.66,2025,6,2025-06-01
Наука,1670.4,1.0,172.8,270.0,0.0,0.0,0.0,270.0,97.2,2025,6,2025-06-01
Творчість,4906.77,64.0,5360.78,9981.12,0.0,0.0,0.0,9981.12,4620.34,2025,6,2025-06-01
Ігри,10227.03,46.0,5808.29,9625.95,0.0,0.0,0.0,9625.95,3817.66,2025,7,2025-07-01
Інші,112.12,2.0,280.0,516.0,0.0,0.0,0.0,516.0,236.0,2025,7,2025-07-01
Канцтовари,234.76,7.0,210.76,386.19,0.0,0.0,0.0,386.19,175.43,2025,7,2025-07-01
Книга,23237.15,198.0,24673.12,38261.01,2.0,389.4,591.5,37669.51,13385.79,2025,7,2025-07-01
Конструктори,7137.09,8.0,3264.01,5095.41,0.0,0.0,0.0,5095.41,1831.4,2025,7,2025-07-01
Наочні посібники,0.0,7.0,745.38,1153.94,0.0,0.0,0.0,1153.94,408.56,2025,7,2025-07-01
Наука,217.36,3.0,1183.12,1884.0,0.0,0.0,0.0,1884.0,700.88,2025,7,2025-07-01
Творчість,4543.36,43.0,4062.56,7264.98,0.0,0.0,0.0,7264.98,3202.42,2025,7,2025-07-01
Ігри,0.0,39.0,4324.93,7349.89,1.0,221.67,350.0,6999.89,2896.63,2025,8,2025-08-01
Інші,0.0,2.0,161.84,296.0,0.0,0.0,0.0,296.0,134.16,2025,8,2025-08-01
Канцтовари,594.14,17.0,673.88,1250.29,0.0,0.0,0.0,1250.29,576.41,2025,8,2025-08-01
Книга,59252.07,182.0,26034.93,40620.52,2.0,303.8,485.0,40135.52,14404.39,2025,8,2025-08-01
Конструктори,1774.1,9.0,2373.03,3661.51,1.0,637.13,960.0,2701.51,965.61,2025,8,2025-08-01
Наочні посібники,0.0,4.0,194.58,309.0,0.0,0.0,0.0,309.0,114.42,2025,8,2025-08-01
Наука,0.0,1.0,217.36,375.0,0.0,0.0,0.0,375.0,157.64,2025,8,2025-08-01
Творчість,0.0,42.0,6032.6,9986.6,0.0,0.0,0.0,9986.6,3954.0,2025,8,2025-08-01
Ігри,12093.65,57.0,6424.52,10687.41,0.0,0.0,0.0,10687.41,4262.89,2025,9,2025-09-01
Інші,0.0,1.0,56.06,98.0,0.0,0.0,0.0,98.0,41.94,2025,9,2025-09-01
Канцтовари,961.01,27.0,766.5,1388.85,0.0,0.0,0.0,1388.85,622.35,2025,9,2025-09-01
Книга,1374.04,209.0,30753.99,48289.25,1.0,840.0,1150.0,47139.25,17225.26,2025,9,2025-09-01
Конструктори,2053.21,6.0,2034.36,3062.25,0.0,0.0,0.0,3062.25,1027.89,2025,9,2025-09-01
Наочні посібники,464.46,3.0,76.26,135.0,0.0,0.0,0.0,135.0,58.74,2025,9,2025-09-01
Наука,906.98,3.0,764.17,1172.33,0.0,0.0,0.0,1172.33,408.16,2025,9,2025-09-01
Творчість,13730.0,48.0,4651.85,8090.71,0.0,0.0,0.0,8090.71,3438.86,2025,9,2025-09-01
